code,name,article_date,article_url,article_title,blog_price,blog_pbr,blog_per,blog_yield,category,judgement,yutai,shareholder_return,price,per,pbr,yield,comment,per_avg_1y,per_avg_2y,per_vs_1y,per_pctl_2y,per_min_2y,per_max_2y
1301,極洋,2026-07-15,https://boutetsuya.livedoor.blog/archives/30444737.html,1301極洋 2026,4540.0,0.7,7.5,3.52,準主力,割安,100株 自社製品2500円相当,27年３月期までにDOE3%,4605.0,7.9918776,0.69139767,3.48,下は4200円あたりが堅い。 前期下方修正が効いて株価は少し重そう。 四半期決算が順調に進めば5000円超えをめざしていきそう。,8.133321888103682,7.561858153092873,-1.7390715632510156,70.84188911704312,6.150709681845989,9.167085377207096
1332,ニッスイ,2026-07-16,https://boutetsuya.livedoor.blog/archives/30451586.html,1332ニッスイ 2026,1245.0,1.26,13.0,2.57,監視銘柄,やや割高,500株 自社製品3000円相当,３年間の総還元性向40%以上,1258.0,13.952971,1.2483861,2.56,業績に勢いがあり、PERなど指標は高めで推移しそう。 下は1100円で止まりそうで、上は1400円がやや重そう。,13.501563602508662,11.478329006985104,3.3433712626251832,77.82340862422998,8.595393427825927,17.07761864382522
1333,マルハニチロ,2025-07-04,https://boutetsuya.livedoor.blog/archives/28031453.html,1333マルハニチロ 2025,3079.0,0.68,8.9,3.57,監視銘柄,,なし,配当性向30%以上 累進配当,1278.0,8.711657,0.7793856,3.55,３年間は企業改革費用が重く営業益が重そうで しばらく2800～3400円のレンジ内で推移しそう。,8.704945986787303,7.6923266291328884,0.0770942544949138,75.15400410677618,6.217630130821026,10.606294881301046
1375,ユキグニファクトリー,2025-07-08,https://boutetsuya.livedoor.blog/archives/28052035.html,1375ユキグニファクトリー 2025,1100.0,3.55,21.8,1.45,分散枠,,100株 自社製品3000円相当,配当性向30%以上,1133.0,15.275719,3.295214,1.79,上場からの下落で現在でも高値の半値以下。 下げは1000円までで、優秀な株主優待が下支えとなりそう。 上は1200円が重く、1200円突破は来年以降か。,14.332757692276356,14.29986253580579,6.579064043144944,87.88501026694045,12.853062562973575,16.23297941394528
1417,ミライト・ワン,2026-07-18,https://boutetsuya.livedoor.blog/archives/30463350.html,1417ミライト・ワン 2026,3760.0,1.18,13.0,2.53,分散枠,やや割高,100株 クオカード1000円（１年）,総還元性向50～70%,3468.0,13.255868,1.1059499,2.89,PERや利回りの指標で見ると割高だが、 成長率まで考慮した場合は妥当～やや割高といったところ。 下は3000円、上は4500円あたりまで。,13.253534226908096,10.824614208781515,0.01760868498883461,69.60985626283367,6.90393134261307,15.981194956170704
1419,タマホーム,2024-07-23,https://boutetsuya.livedoor.blog/archives/25098086.html,1419タマホーム 2024,4535.0,3.43,14.3,4.3,監視銘柄,,100株 クオカード500円 or 1000円（３年）,経営成績に応じて継続的におこなう,2928.0,69.88067,2.8608081,4.44,3900円の壁がしっかり機能し、決算を期に再び高値へ。 PERは高い位置で配当性向も50%を超えておりそろそろ天井か。 下は前回機能した3900円、割れれば3500円、最悪3000円と そこそこの下値リスクあり。,82.10927023142068,81.45403743161201,-14.89308113073593,6.365503080082135,64.58234051229508,93.92471147058038
1429,日本アクア,2026-07-19,https://boutetsuya.livedoor.blog/archives/30470180.html,1429日本アクア 2025,732.0,2.17,12.0,4.78,監視銘柄,割安,なし,配当性向50% 累進配当,810.0,13.62948,2.3095543,4.47,下は700円弱のあたりが鉄壁。利回りの下支えも強く効きそう。 上も800円から重く、900円突破には業績の改善が必要。,13.506106362875682,13.012631194176944,0.9134656118467532,69.81519507186859,10.865724333333333,15.564529629629629
1438,岐阜造園,2026-07-20,https://boutetsuya.livedoor.blog/archives/30472922.html,1438岐阜造園 2025,1871.0,1.35,13.0,2.14,分散枠,やや割安,200株 クオカード1000円,配当性向25～35%,2143.0,13.927341,1.5459964,1.86,下は1700円が機能しており、割れると1500円まで。 上は2000円重いが、そろそろ業績で殴り突破しそう。 板が薄く上に飛べば青天井の可能性も。,12.14733700938572,12.106013883270293,14.653450293170845,99.17864476386036,11.127139952032804,14.340974266753426
1450,ＴＡＮＡＫＥＮ,2025-07-14,https://boutetsuya.livedoor.blog/archives/28095116.html,1450ＴＡＮＡＫＥＮ 2025,1398.0,1.48,10.1,3.93,監視銘柄,,なし,継続的かつ安定的な利益還元,1451.0,8.40088,1.3682265,3.77,20年高値で１度跳ね返された株価だが、 上方修正があれば一気に超えていきそう。 下は1200円まで。,8.156465153165026,7.472833943931841,2.9965780794163344,88.29568788501027,5.521278657364534,9.102369429993056
1451,ＫＨＣ,2022-10-22,https://boutetsuya.livedoor.blog/archives/16252252.html,1451ＫＨＣ 2022,606.0,,,5.45,値上がり目的,,なし,,,,,,,,,,,,
146A,コロンビア・ワークス,2026-07-21,https://boutetsuya.livedoor.blog/archives/30479964.html,146Aコロンビア・ワークス 2025,3210.0,1.41,5.8,2.93,分散枠,割安,なし,配当性向15～20%,3305.0,6.65539,1.4607574,2.87,業績は好調で、それを加味すればかなりの割安。 3000円以下はかなり堅そうで、最悪2500円まで。 上は3500円から重くなりそうだが、上方修正など出れば 内容によって再び5000円を目指していきそう。,6.94513694866484,5.42430943535695,-4.171940032378229,71.66324435318275,2.830572920019753,9.152419833585476
156A,マテリアルグループ,2026-07-22,https://boutetsuya.livedoor.blog/archives/30489402.html,156Aマテリアルグループ 2025,861.0,3.49,13.3,3.03,監視銘柄,妥当,なし,配当性向33%目途,834.0,12.958359,3.3780363,3.18,通期予想上振れでPER若干高めでも妥当な位置。 下は770円から堅く、上は1000円が強く意識されそう。,12.715250701701425,11.625380237302238,1.911942627022234,77.61806981519507,8.395079279823577,15.055935097122301
160A,アズパートナーズ,2026-07-23,https://boutetsuya.livedoor.blog/archives/30495165.html,160Aアズパートナーズ 2026,2035.0,1.41,5.6,3.93,分散枠,割安,100株 価値なし,配当性向20%以上かつDOE5%以上,2065.0,6.3057284,1.4324223,3.86,業績好調の高配当株と考えれば下は1900円ほどまで。 上は2500円が意識され、突破すれば2900円まであり。,7.363799533166355,6.649848552604577,-14.368548850370399,48.25462012320328,4.808271107934203,10.284439912821437
166A,タスキホールディングス,2026-07-25,https://boutetsuya.livedoor.blog/archives/30506327.html,166Aタスキホールディングス 2025,1077.0,2.09,11.5,4.64,監視銘柄,妥当,なし,配当性向40%以上 累進配当,1117.0,12.235732,2.1353428,3.58,株価は大きく上がっているが、業績や利回りを考慮すれば 現在の株価は妥当な範囲。 利回りの下支え大きく、業績が計画通りなら下は1000円まで。 上は前回高値の1237円がしばらく意識されそう。,9.186417095941698,8.099282085637972,33.19373453449445,96.30390143737166,5.826510553148999,13.45163732855864
1721,コムシスホールディングス,2025-07-20,https://boutetsuya.livedoor.blog/archives/28134337.html,1721コムシスホールディングス 2025,3424.0,1.07,12.9,3.5,監視銘柄,,なし,総還元性向70% 累進配当,5306.0,17.13935,1.539301,2.56,長らく重しになっている3500円はそろそろ突破か。 増配をずっと続けており3000円ラインはすでに鉄壁。 3500円突破後は4200円あたりで天井をつけそう。,15.255159893417975,12.635994813587665,12.351165898923044,84.59958932238193,9.151305060856629,19.067769138710894
1723,日本電技,2026-07-28,https://boutetsuya.livedoor.blog/archives/30526065.html,1723日本電技 2026,2192.0,2.98,16.1,2.55,監視銘柄,やや割高,なし,配当性向40%以上またはDOE7%以上で累進配当,2150.0,16.223967,2.9100456,3.4,指標的に割高だが、ＡＩの追い風考慮でやや割高判定。 下は2000円の壁が機能しているが、割れれば1500円。 上は2500円が結構重く、超えても勢いは無さそう。,15.413656446352912,11.003941957258496,5.257094943483165,72.48459958932239,4.768527032151447,22.750405182165355
1726,ビーアールホールディングス,2024-07-29,https://boutetsuya.livedoor.blog/archives/25152455.html,1726ビーアールホールディングス 2024,366.0,1.14,10.6,4.1,値上がり目的,,なし,配当性向40% DOE4%,,,,,業績の進捗が予想通りなら安い位置であり 上値も700円までとかなり大きくありそう。 DOE採用で株価300円で利回り５％となり、この壁は厚そう。,,,,,,
1736,オーテック,2026-07-29,https://boutetsuya.livedoor.blog/archives/30532541.html,1736オーテック 2026,2432.0,1.42,9.9,4.03,監視銘柄,妥当,,配当性向40%以上、またはDOE4.8%以上,2323.0,9.928623,1.3530326,4.33,ここ１年で株価急騰も、指標的には妥当。 下に振れれば2250円、2200円、1800円と段階的に節目あり。 上は長く叩き落されているが、そろそろ3000円を目指しそう。,9.508077202114329,7.308601644268966,4.423037265538321,74.33264887063655,4.374008141918115,11.660168178002268
173A,ハンモック,2026-07-30,https://boutetsuya.livedoor.blog/archives/30536933.html,173Aハンモック 2026,1521.0,2.0,11.0,2.96,分散枠,妥当,,記載なし,1508.0,9.402668,1.9777049,3.09,上は1600円が重いが、抜ける可能性高く抜ければ1800円まで。 下は1350円が壁となっており、その下は堅そう。,9.1041202749989,8.884071016140927,3.279259455973471,69.81519507186859,6.465724076505383,10.4759497212403
1762,高松コンストラクショングループ,2026-08-01,https://boutetsuya.livedoor.blog/archives/30545659.html,1762高松コンストラクショングループ 2026,3715.0,0.88,10.3,3.88,分散枠,割安,100株 新米５kg（１年）,配当性向40%目安 累進配当,3880.0,11.8217,0.91737044,3.72,大きく上げた株価が一旦調整したが、 業績を考慮すれば割安圏内といえる。 下は3300円のラインが相当堅く見える。 上は4500円が節目だが、5000円突破も可能性としてあり。,10.961783791845109,9.609453920976193,7.84467404652347,92.1971252566735,7.3510662594132565,12.914031661628643
1768,ソネック,2022-10-27,https://boutetsuya.livedoor.blog/archives/16317874.html,1768ソネック 2022,956.0,,,3.14,監視銘柄,,100株 1000円クオカード,,1021.0,5.4555173,0.72598606,4.85,,6.394846252427087,5.411995714246296,-14.68884341152964,65.50308008213553,4.07802565043066,9.009520146057188
1775,富士古河Ｅ＆Ｃ,2024-08-05,https://boutetsuya.livedoor.blog/archives/25219341.html,1775富士古河Ｅ＆Ｃ 2024,5060.0,1.23,9.6,3.75,監視銘柄,,なし,配当性向30%,,,,,自分の高値予想をはるかに超え現在は下落中。 5000円を切るあたりからは少しずつ下げ止まりそうで 3800円あたりが鉄壁となりそう。,,,,,,
1786,オリエンタル白石,2024-08-06,https://boutetsuya.livedoor.blog/archives/25230146.html,1786オリエンタル白石 2024,310.0,0.82,11.7,4.68,分散枠,,なし,配当性向50% 総還元性向70%,347.0,13.249331,0.8494971,4.2,増資発表で急落から400円まで上昇。 下落に転じ350円では止まらず、下髭は290円まで伸び 底はこのあたりが意識されそう。上はしばらく400円。,14.78339216532541,14.2487506243572,-10.376922618095497,10.266940451745379,12.027490677233429,16.43041719776648
1808,長谷工コーポレーション,2024-08-07,https://boutetsuya.livedoor.blog/archives/25237709.html,1808長谷工コーポレーション 2024,1702.0,0.91,8.8,4.99,監視銘柄,,100株 価値なし,５期合計純利益に対し総還元性向40% 配当下限80円,2769.0,13.533063,1.2869164,3.67,下落相場の中株価は粘っているが、 PER７の1400円までは普通に下落の可能性を見ている。 業績は利益がついてきておらず、2000円が当分の天井か。,13.64287865186878,11.480519474204995,-0.8049302106321821,73.1006160164271,7.76288621016236,16.80543871944539
1812,鹿島建設,2025-07-26,https://boutetsuya.livedoor.blog/archives/28175210.html,1812鹿島建設 2025,3758.0,1.39,13.4,2.98,監視銘柄,,なし,配当性向40%,4868.0,12.813561,1.6403391,2.98,業績好調につき株価も割高圏で推移。 勢いで4000円超すかもしれないが、その先は未知数。 下は3200円からは堅くなり、2500円が鉄壁ライン。,14.713068803950366,11.240481228882961,-12.910344057117163,60.57494866529775,6.255961603563219,19.95746740238999
1828,田辺工業,2026-08-02,https://boutetsuya.livedoor.blog/archives/30549778.html,1828田辺工業 2026,2280.0,0.86,8.9,4.39,分散枠,妥当,100株 クオカード1000円,配当性向35～40%,2371.0,7.2077823,0.89573944,4.26,業績やPERからみるとやや割高も利回り的にはやや割安。 現在2200円のラインに支えられているが、 下は利回り5%ラインの2000円まであり。 上は2500円が少し重く、上方修正なしに3000円は厳しい。,7.384413359131155,6.445938434674404,-2.391944363633758,70.63655030800821,4.202519580494251,8.617047776309454
1847,イチケン,2022-11-01,https://boutetsuya.livedoor.blog/archives/16381029.html,1847イチケン 2022,1788.0,,,5.59,値上がり目的,,なし,,3480.0,7.8848987,1.2322532,4.57,,5.408746407175428,4.150426669287784,45.780521148849274,99.7946611909651,2.4996061741251907,7.8848987
1870,矢作建設工業,2025-07-31,https://boutetsuya.livedoor.blog/archives/28206083.html,1870矢作建設工業 2025,1965.0,1.23,12.8,4.58,監視銘柄,,なし,DOE5%以上 累進配当,2035.0,10.348861,1.1572514,5.39,DOE導入によりPER底上げ。 配当性向高いが、累進配当で業績好調で今の株価は妥当。 下は1750円は堅く、上は利回り４％ラインの2250円あたり。,10.680039741383947,9.051419919144513,-3.1009130059756917,63.65503080082136,5.622796799930777,12.535788172649172
1879,新日本建設,2026-08-03,https://boutetsuya.livedoor.blog/archives/30557051.html,1879新日本建設 2026,2112.0,0.91,7.1,3.79,監視銘柄,妥当,価値なし,安定配当,2248.0,8.635526,0.97081506,3.47,１年かけ大きく株価を上げたが、PERは変わらず株価は妥当。 下は1850円くらいから固く、上は2500円まで。 期初予想強気で、四半期ごとの進捗に注意。,7.603970859581726,6.693971828298944,13.566005965401828,96.71457905544148,5.053102562504561,8.877535847864769
187A,サムティホールディングス,2024-08-16,https://boutetsuya.livedoor.blog/archives/25318403.html,187Aサムティホールディングス 2024,2624.0,1.35,12.2,3.31,値上がり＆優待目的,,200株 自社ホテル一泊,実績に裏付けられた利益還元,,,,,業績良好ゆえに10年規模のきれいな上昇トレンド。 先日の下げも下髭で一瞬で戻し再びトレンドラインへ。 下は2400あたりで上は3000円突破を目指す。,,,,,,
1911,住友林業,2025-08-06,https://boutetsuya.livedoor.blog/archives/28242092.html,1911住友林業 2024,1680.0,1.18,8.4,3.62,監視銘柄,,なし,配当性向30%,1345.0,9.6881075,0.6639392,3.74,一昨年、昨年と大きく成長した株価は大きく調整。 半値まで落ちた株価はさすがに反転して上昇中。 下は1500円あたりが堅くなりそうで、 一旦の天井は2000円。超えれば前回高値の2430円まで。,10.845675751987223,11.195965093955634,-10.67308555462877,17.453798767967147,8.60993202288841,16.283553207687884
1925,大和ハウス工業,2025-08-07,https://boutetsuya.livedoor.blog/archives/28245245.html,1925大和ハウス工業 2025,5139.0,1.22,11.6,3.31,監視銘柄,,100株 自社優待券2000 or 4000円分（３年）,配当性向35% 配当下限130円,4610.0,8.140992,0.98130536,2.02,現在の株価は妥当な位置。ただし直近高値に迫っており、 超えるか調整するかは微妙なところ。 下は4500円、高値を超えれば6000円まであり。,8.77598582101857,8.450293880554003,-7.235583944287538,34.29158110882957,7.209025234378389,9.883458393200922
1926,ライト工業,2025-08-08,https://boutetsuya.livedoor.blog/archives/28250519.html,1926ライト工業 2025,3235.0,1.61,14.8,3.31,監視銘柄,,なし,配当性向50%以上 DOE6%以上,3735.0,12.950314,1.8157996,1.4,レンジ相場を抜け、配当性向の変更を機に大きく上昇。 さすがに今は高値圏であり、天井は近そう。 下に振れれば2900円、抜ければ2500円あたりまで。,12.480759377870992,10.276068365009333,3.7622279855947793,74.94866529774127,6.6188639930902005,14.69863720279739
1928,積水ハウス,2025-08-09,https://boutetsuya.livedoor.blog/archives/28253890.html,1928積水ハウス 2025,3566.0,1.14,9.3,4.34,分散枠,,1000株 米５kg,配当性向40% 配当下限110円,3422.0,8.627906,1.0271381,4.26,4000円が天井となり3000円まで下落。 配当も高く、下の壁は3000円が鉄壁となりそう。 通期予想通りに進めば割安であり、高値突破も十分。,8.451521056531154,8.297530474358988,2.0870201031155,74.74332648870636,7.110316711334745,9.563932510522873
1939,四電工,2026-08-04,https://boutetsuya.livedoor.blog/archives/30560059.html,1939四電工 2026,2057.0,1.38,14.8,4.08,監視銘柄,やや割安,なし,配当性向60%かつDOE5%,2090.0,13.187784,1.4014045,4.04,PERでは高値圏推移も、配当性向切り上げにより評価も切り上げ。 この業績で利回り4%付近はやや割安。 下は1800円が堅そうで、上に抜ければ青天井。 一旦の天井は利回り3%の2800円あたりと予想。,10.740619242899285,9.351356663406788,22.784205470448615,98.97330595482546,6.601389680632289,13.452801668899522
1942,関電工,2026-08-05,https://boutetsuya.livedoor.blog/archives/30568347.html,1942関電工 2026,5684.0,2.93,17.4,2.29,監視銘柄,やや割高,なし（毎年カレンダーが届く）,配当性向40%目安,5422.0,17.378763,2.799281,2.45,高値圏で推移した株価は大きく月足陰線を引き調整。 下は5000円が機能しているが、4000円まであり。 上は6500円ほどまで、上方修正でも7000円突破は厳しそう。,17.4757151728477,12.775461073153645,-0.554782290102418,71.04722792607802,5.61408394680015,23.545627627812614
1949,住友電設,2025-08-14,https://boutetsuya.livedoor.blog/archives/28286521.html,1949住友電設 2025,7100.0,2.21,19.2,2.2,監視銘柄,,なし,配当性向50%,,,,,割高圏内にあるも、建設はテーマ株で上は未知数。 下に振れれば4000円まであり。,,,,,,
1951,エクシオグループ,2025-08-16,https://boutetsuya.livedoor.blog/archives/28293222.html,1951エクシオグループ 2025,2150.0,1.4,14.7,3.07,監視銘柄,,なし,DOE４％の配当,2632.0,17.431618,1.5594949,3.1,業績好調で年初来高値を更新中。 PER16付近は天井であり、2300円あたりが天井予想。 下は1800円から下は堅そう。,16.842538448695773,13.876170394215166,3.4975698770029817,74.53798767967146,9.224825791612991,19.815881860182373
1952,新日本空調,2026-08-06,https://boutetsuya.livedoor.blog/archives/30579863.html,1952新日本空調 2026,3485.0,1.92,12.4,3.44,監視銘柄,妥当,300株 カタログ3000円分 クオカード2000円（２年）,配当下限DOE5% 塁審配当,3045.0,11.392974,1.7089086,3.97,PER、利回りともに適正水準。 下は2800円あたりまで。 上は4000円が節目、超えても4500円までか。,12.351572186666951,9.691492117397623,-7.760940649334669,63.860369609856264,5.424762132986887,15.67378328059383
1969,高砂熱学工業,2026-08-08,https://boutetsuya.livedoor.blog/archives/30590328.html,1969高砂熱学工業 2026,4114.0,2.6,13.5,2.99,監視銘柄,妥当,なし,配当性向40% 累進配当,4135.0,14.472717,2.6149685,3.08,利回り、PER両面で妥当な位置。 下は3500円から堅くなりそうで、上は5000円が大きい壁。 一瞬超えてもまだすぐに戻されそうなライン。,15.76466486042625,12.911766725677733,-8.195212977025623,54.00410677618069,7.829701991158212,19.578240816466707
1980,ダイダン,2026-08-09,https://boutetsuya.livedoor.blog/archives/30599592.html,1980ダイダン 2026,2511.0,2.49,11.9,3.39,監視銘柄,やや割安,なし,配当性向40%以上かつDOE4.8%下限,2628.0,12.674222,2.610551,3.39,指標だけ見れば妥当な位置だが、業績がぶっ壊れ中。 いずれ高い確率で来る上方修正を考えれば、 2250円あたりが堅く、下げても2000円まで。 上は3500円のラインがしばらく天井となりそう。,12.161394698100478,8.924709965508022,4.216846131797869,77.61806981519507,4.200274797773341,17.34979684231414
2003,日東富士製粉,2025-08-22,https://boutetsuya.livedoor.blog/archives/28330256.html,2003日東富士製粉 2025,7180.0,1.34,15.6,3.9,監視銘柄,,なし,配当性向40%以上 累進配当,1775.0,19.454187,1.3116863,3.94,大幅増配による利回りの高さで割高圏内を推移。 今期も業績は微妙で8000円超えは厳しそう。 下は配当に守られ6300円ほどまで。一時的には6000円貫通も。,19.09768035448773,18.499593223079646,1.8667536522491757,86.85831622176592,16.361445152414518,20.824200169014087
208A,構造計画ホールディングス,2026-08-10,https://boutetsuya.livedoor.blog/archives/30605544.html,208A構造計画ホールディングス 2026,3085.0,2.84,12.7,3.57,監視銘柄,妥当,なし,DOE10%目安,2990.0,13.3685055,2.9676917,2.92,大きく上下した株価は次第に落ち着いていきそう。 下は2700円から堅く、最悪2500円まで。 上は3400円以上は重くなりそうで、それ以上は上方修正が必要か。,13.340715729900001,11.485473052747134,0.2083079398634835,78.4394250513347,8.18753884878193,15.263608039975985
2114,フジ日本,2026-08-11,https://boutetsuya.livedoor.blog/archives/30609417.html,2114フジ日本 2026,633.0,1.17,13.0,3.0,分散枠,やや割安,100株 クオカード500円,DOE3.5%以上,634.0,10.097149,1.1698972,3.0,指標だけ見れば妥当の評価。 しかし機能性素材の成長を考えればやや割安といえる。 下は600円から堅く、最悪550円まで。 上は700円天井も、上方修正次第で突破＆青天井の可能性も。,9.46335555699403,8.719594952854107,6.697343655629173,90.14373716632443,7.592403400517846,10.621020956633656
2153,Ｅ・Ｊホールディングス,2025-08-25,https://boutetsuya.livedoor.blog/archives/28350998.html,2153Ｅ・Ｊホールディングス 2025,1831.0,0.97,9.8,3.77,分散枠,,なし,DOE3% 累進配当,1739.0,8.522421,0.7763112,4.13,増資発表も株価はもどしており市場に許された感。 現在は割高圏内であり、2000円超えは微妙なところ。 下は1600円あたりで止まりそう。,8.261712367459143,7.910465185739677,3.155624656792977,84.18891170431212,6.689614070248832,9.239784647061454
2157,コシダカホールディングス,2025-08-26,https://boutetsuya.livedoor.blog/archives/28358585.html,2157コシダカホールディングス 2024,1404.0,3.28,15.4,1.71,準主力,,100株 自社優待券2000円 or 4000円（３年以上）,継続的な配当,1021.0,15.236531,2.1690638,2.75,安すぎた株価がやっと適正な水準へという感じ。 1400円の過去高値は通過点。 業績や配当の伸びとともにゆるやかに伸びていきそう。 下は1200円まで。,17.01953247165799,16.45968107902547,-10.476207114544167,31.416837782340863,12.637613023911372,21.901966810609522
2163,アルトナー,2022-11-23,https://boutetsuya.livedoor.blog/archives/16691103.html,2163アルトナー 2022,1001.0,,,3.9,監視銘柄,,なし,,981.0,16.568148,4.052731,6.66,,15.952404523277162,15.15051525079438,3.8598787776749743,94.45585215605749,12.165716312834482,17.71834685956912
2169,ＣＤＳ,2024-09-10,https://boutetsuya.livedoor.blog/archives/25541074.html,2169ＣＤＳ 2023,1819.0,1.45,12.8,4.29,監視銘柄,,なし,安定配当,1713.0,25.60921,1.3170246,4.31,下1600円、上2000円のレンジ内におり、現在の1800円は中間地点。 近い目線では業績の伸び vs 記念配剥落リスクといった感じ。 減益と記念配剥落が重なれば1600円割れも。,26.115467490458677,25.60344066762879,-1.9385350487929776,55.03080082135524,23.834514910613603,26.929558604694286
2185,シイエム・シイ,2025-08-27,https://boutetsuya.livedoor.blog/archives/28365358.html,2185シイエム・シイ 2024,1735.0,1.09,12.1,3.0,監視銘柄,,100株 カタログ3000円相当,安定的に継続的な増配を目指す,1900.0,9.523809,1.0575002,2.89,業績悪化も株主優待新設で切り返し。 PER推移は今後底上げ。 1550円あたりを底とし、1900円までのボックス相場を予想。,8.862754271319616,7.9053892237075845,7.458795634440585,96.09856262833677,5.42924358747398,9.685606918536891
2292,エスフーズ,2022-11-24,https://boutetsuya.livedoor.blog/archives/16700362.html,2292エスフーズ 2022,2962.0,,,2.63,監視銘柄,,500株 3000円相当の自社商品,,2737.0,9.38132,0.66274554,4.05,,9.458751729750537,9.024626018982104,-0.8186252474202349,78.64476386036962,7.514840370037621,11.03684705882353
2325,ＮＪＳ,2022-11-28,https://boutetsuya.livedoor.blog/archives/16756016.html,2325ＮＪＳ 2022,2089.0,,,3.35,監視銘柄,,なし,,4600.0,20.048815,1.4493415,2.45,,21.631681285389483,19.840575587378805,-7.317352102716979,50.71868583162218,13.376194261413309,28.47288406863324
2332,クエスト,2025-08-30,https://boutetsuya.livedoor.blog/archives/28383484.html,2332クエスト 2025,1500.0,1.14,9.6,3.67,監視銘柄,,なし,配当性向35%以上、DOE4%以上,1771.0,11.625312,1.2176433,3.5,株価はボックス圏を抜け上を目指し始めた形。 今の水準はまだ割安圏内。 今期は売上も伸びる予想で、業績次第で1800円くらいまで。 下は1300円が堅くなりつつある様子。,10.65482131488108,9.448960380194576,9.108465139283762,91.78644763860369,7.268505162295754,13.332020706945228
2374,セントケア・ホールディングス,2025-08-31,https://boutetsuya.livedoor.blog/archives/28390422.html,2374セントケア・ホールディングス 2025,792.0,1.17,14.6,3.91,分散枠,,100株 500円 or 1500円クオカード（３年以上）,配当性向40%以上,,,,,先行投資で利益が落ちているためPERは割高だが まぁ妥当な位置といったところ。 しばらくは700～900円のレンジを予想。,,,,,,
2480,システム・ロケーション,2024-09-13,https://boutetsuya.livedoor.blog/archives/25567488.html,2480システム・ロケーション 2024,1352.0,1.33,12.2,2.81,分散枠,,なし,業績に応じた還元,1730.0,20.54632,1.494878,2.23,現株価は激安ではないがまぁまぁの安値圏。 会社としては上場維持のため株価はもう少し上げたいはず。 と考えると、今のあたりが底値付近で、 1500円くらいまで上げそうな配当など何かありそう。,19.656660207602837,17.47803880106287,4.525996700360424,99.38398357289527,12.051414351178648,21.092638335260116
2498,オリエンタルコンサルタンツホールディングス,2025-09-03,https://boutetsuya.livedoor.blog/archives/28405653.html,2498オリエンタルコンサルタンツホールディングス 2024,7040.0,1.54,12.0,3.12,監視銘柄,,100株 クオカード500円（１年）,業績に応じた還元,3240.0,8.772643,1.2626534,3.88,低すぎた配当性向が40%ほどとなり株価は１ランク上の世界へ。 株価は大きく上げてきて従来のPER天井にあるが、 業績や配当性向を考えると若干の割高圏内という感じ。 上はまだ未知数。下は5500円ほどまで。,8.413581368315016,7.292587828044237,4.267643182690151,92.60780287474333,3.913416255506841,9.21088447737653
2602,日清オイリオグループ,2025-09-04,https://boutetsuya.livedoor.blog/archives/28415247.html,2602日清オイリオグループ 2025,5300.0,0.84,6.1,3.4,監視銘柄,,100株 自社製品1500円相当,配当性向40%,1960.0,7.7031913,0.8457856,3.11,土地売却益発生によりPERは大きく下げるも 実質的PERは妥当な位置であり、利回りで見ても 株価は妥当な位置といったところ。 上は5500円が重そうで、下は4500円までのレンジを予想。,7.045833991305082,6.650766702432664,9.329730298870675,97.5359342915811,5.668544408182286,7.887910683214286
2652,まんだらけ,2022-12-04,https://boutetsuya.livedoor.blog/archives/16856995.html,2652まんだらけ 2022,913.0,,,0.11,優待目的,,100株 2000円 or 5000円の自社優待券（１年以上）,,480.0,10.849909,5.1516514,0.22,,8.057480514777055,8.073886573651684,34.656347975049506,99.58932238193019,6.196297282684199,10.992095797008389
2676,高千穂交易,2024-09-16,https://boutetsuya.livedoor.blog/archives/25597076.html,2676高千穂交易 2024,3870.0,2.19,24.1,4.13,監視銘柄,,300株 お米券10枚,ROE３期平均8%達成までは配当性向100%,2061.0,inf,2.2933533,3.7,配当性向100%となってからPERは高めで推移。 ROE平均8%達成見込みのため、株価は減配するかしないかが重要。 それを考えると、上への期待値はあまりなさそうな感じで、 減配した時は減配以上に下へ掘りそう。現時点では予測困難。,,,,,,
2730,エディオン,2025-09-05,https://boutetsuya.livedoor.blog/archives/28421199.html,2730エディオン 2025,2074.0,0.98,15.1,2.27,分散枠,,100株 自社優待券3000円～6000円（～３年以上）,配当性向30%以上の安定配当,2503.0,17.159115,1.103473,1.98,優待拡充で切り上がった株価やPERはこの辺りが妥当な位置。 2000円を目途に上下に200円くらいのレンジとなりそう。,14.833533374565794,13.607378865504185,15.67786694316371,97.1252566735113,11.398873036431235,18.283403797443068
2733,あらた,2025-09-09,https://boutetsuya.livedoor.blog/archives/28447968.html,2733あらた 2025,3145.0,0.89,9.0,3.56,分散枠,,100株 クオカード1000円（年２回）,配当性向30%,2569.0,8.487231,0.695735,4.37,業績奮わず株価は3000-3500のレンジ相場に。 売上は上がっており、利益もついてくれば高値突破も。 下は3000円が鉄壁、上抜ければ5000円まであり。,9.453398452587923,9.782665949610525,-10.220318729117238,7.392197125256674,7.86943722927209,11.52545048023991
2734,サーラ,2025-09-10,https://boutetsuya.livedoor.blog/archives/28451078.html,2734サーラ 2024,1033.0,0.77,13.0,3.1,監視銘柄,,500株 1000円相当のカタログ,配当性向40%以上,1166.0,10.076046,0.77370876,3.1,好業績に伴い株価は上昇し17年高値も突破。 若干割高も妥当な位置。 下は900円、上は1100円突破は微妙。超えても1200円まで。,9.171962174204774,8.140541438751876,9.857038315507571,98.15195071868584,6.19419989761787,10.390844376633607
2737,トーメンデバイス,2022-12-12,https://boutetsuya.livedoor.blog/archives/16976558.html,2737トーメンデバイス 2022,5540.0,,,5.42,監視銘柄,,200株 クオカード3000円 or 5000円（３年以上）,,31200.0,21.20372,3.0092134,11.17,,8.286036525952898,6.046909781892045,155.89701341029948,99.38398357289527,2.9912461348601513,22.698854102564102
2769,ヴィレッジヴァンガードコーポレーション,2024-09-21,https://boutetsuya.livedoor.blog/archives/25639324.html,2769ヴィレッジヴァンガードコーポレーション 2024,1080.0,1.36,223.0,,監視銘柄,,100株 自社優待券10000円分 or 12000円分（２年以上）,公表なし,897.0,12.225705,2.716914,,優待利回りが高いため、11月の権利前に1100円前後まで上げて 権利落ちで1000円前後に落ちるスタンス。 黒字定着し復配なるまではこのレンジ内の推移になりそう。,13.005717357311255,13.626637872717406,-5.997457394172622,12.525667351129362,11.053563829431438,14.992503344481603
2790,ナフコ,2022-12-14,https://boutetsuya.livedoor.blog/archives/17013115.html,2790ナフコ 2022,1554.0,,,3.6,値上がり＆優待目的,,100株 ＵＣギフト券1500円,,2205.0,239.93472,0.3541293,2.65,,227.87791305319158,218.4130602092435,5.29090633895446,80.69815195071868,166.1577716375425,284.2111248592687
2924,イフジ産業,2025-09-13,https://boutetsuya.livedoor.blog/archives/28470403.html,2924イフジ産業 2025,2356.0,1.68,10.5,2.84,監視銘柄,,なし,配当性向25～30%,1932.0,7.860049,1.2384044,3.56,株価は短期間で２倍となる伸びで割安圏は脱出。 設備投資重く利益面が苦しくなるため一旦レンジとなりそう。 1900-2800くらいの間か。,8.42054078407332,7.635352361805602,-6.6562445150012195,42.09445585215606,5.2481802890942175,9.866088397627994
2928,ＲＩＺＡＰグループ,2022-12-15,https://boutetsuya.livedoor.blog/archives/17030725.html,2928ＲＩＺＡＰグループ 2022,143.0,,,0.0,優待目的,,400株 自社優待10000ポイント,,,,,,,,,,,,
2974,大英産業,2025-09-16,https://boutetsuya.livedoor.blog/archives/28488229.html,2974大英産業 2024,1050.0,0.44,6.1,2.29,準主力,,100株 クオカード1000 or 2000円（２年）,配当性向30%を目指す,,,,,底値を切り上げ、今は1000円が堅くなりつつある。 配当性向の乖離があり、守られれば配当倍増も。 現実となれば1300円超えまであり。,,,,,,
2975,スター・マイカホールディングス,2025-09-17,https://boutetsuya.livedoor.blog/archives/28494603.html,2975スター・マイカホールディングス 2024,1161.0,1.38,11.4,2.58,分散枠,,なし,配当性向30%目標、総還元率40%,1585.0,8.899494,1.6014274,3.26,今年に入ってから株価は大きく上昇も、割高感はまだなし。 1200円あたりは節目になっていることから、一旦ここで調整も。 下は1000円、瞬間的に800円まで、上は1500円あたり。,7.819986387376388,6.095905245343988,13.804469204271697,89.73305954825463,3.1009009909490834,10.1511697172009
2982,ＡＤワークスグループ,2025-09-18,https://boutetsuya.livedoor.blog/archives/28501059.html,2982ＡＤワークスグループ 2024,505.0,1.24,9.7,2.77,監視銘柄,,なし,配当性向50%を超えない限り利回り4%,419.0,5.1191206,1.2564999,4.94,今年に入って株価は２倍以上に上昇。 業績好調で配当方針も利回り照準で天井は読みにくいが、 今の520円あたりは一旦の節目となる可能性。 超えれば600円が次の節目。さすがにここは天井となりそう。 下は400円あたりから堅くなりそう。,5.131280352033236,3.949202327313837,-0.23697305933436663,78.2340862422998,2.142360005221033,5.912423685148864
2986,ＬＡホールディングス,2025-09-22,https://boutetsuya.livedoor.blog/archives/28525632.html,2986ＬＡホールディングス 2024,9260.0,2.59,13.9,3.56,監視銘柄,,なし,配当性向40%以上,2765.0,9.593699,2.1655617,6.4,配当性向変更によりPERは切り上げ。 株価上昇続き、若干の割高圏といったところ。 上は高値更新中により勢いとまるまで。 下は8000円まで。,9.67838048845265,7.934096480613488,-0.8749551493008823,72.27926078028747,3.765013773373971,11.982239870880779
2987,タスキ,2023-10-10,https://boutetsuya.livedoor.blog/archives/22030616.html,2987タスキ 2022,1301.0,2.73,12.1,3.84,値上がり目的,,なし,配当性向35%,,,,,中計発表をきっかけに株価は前回高値まで上昇。 利回りが高いため1000円の底は十二分に堅そう。 中計が高い目標であり、株価上昇はその進捗次第。 カテゴリなしの他の記事 <footer,,,,,,
2993,長栄,2025-09-23,https://boutetsuya.livedoor.blog/archives/28533451.html,2993長栄 2025,2192.0,0.82,10.3,4.56,監視銘柄,,なし,安定配当,2155.0,9.599109,0.7672545,4.69,2000円の壁は厚く、下値も2100円を固め中。 営業利益がまだ足踏みで、しばらく2100～2400円のレンジ予想。,9.79238480528864,9.045445693930551,-1.9737358072801192,78.02874743326488,7.737448129743918,11.20820993148066
3003,ヒューリック,2025-09-28,https://boutetsuya.livedoor.blog/archives/28559206.html,3003ヒューリック 2024,1647.0,1.47,11.6,3.46,分散枠,,300株 カタログギフト6000円（２年以上）,配当性向40%,1747.5,11.107932,1.4006658,3.86,1650円の高値越えに再び挑戦中。 PER目線でもまだ若干の割安圏内で、高値越えの可能性も全然あり。 下は1500円が堅く、上は1900円まで。,10.80764006872821,9.676651233163653,2.7785152851331762,80.9034907597536,7.811070109406853,12.903990262957684
3023,ラサ商事,2024-10-01,https://boutetsuya.livedoor.blog/archives/25729885.html,3023ラサ商事 2024,1439.0,0.76,8.2,4.73,監視銘柄,,なし,配当性向40%,2059.0,9.232356,0.9261316,3.87,業績低迷により株価も下がってきたが、高い利回りにより 1400円あたりが鉄壁となっている。 上にいっても1600～1800円くらいで止まりそう。,8.153585894667684,7.124887049830046,13.230621707656432,93.83983572895276,5.29017285973712,10.535135586554075
3024,クリエイト,2024-10-02,https://boutetsuya.livedoor.blog/archives/25738347.html,3024クリエイト 2024,1042.0,0.83,7.6,4.03,分散枠,,100株 クオカード1000円,配当性向30%,1142.0,12.200855,0.77158666,3.75,上ひげの先端が集まる900～1000円を値固め中。 配当性向による大幅増配で株価は下値を切り上げ。 PER10程度の1400円までは難なく上がっていきそう。 カテゴリなしの他の記事 <footer,12.05889043647113,11.360292188514247,1.1772605802894631,76.79671457905543,9.350350764069566,13.432659250287326
3048,ビックカメラ,2025-09-28,https://boutetsuya.livedoor.blog/archives/28564750.html,3048ビックカメラ 2024,1695.0,1.8,17.1,1.53,分散枠,,100株 自社優待券3000 or 4000 or 5000円（２年）,配当性向40%,1732.5,15.18405,1.6278336,2.5,利益好調な直近は配当性向40%なこともあり株価も高値へ。 現在の業績なら1600-1800のレンジが妥当。 来期業績次第で上場来高値突破に挑戦か。,14.623423070347004,14.168869228743798,3.833759899826883,86.24229979466119,11.953424213645242,16.327783636363637
3073,ＤＤグループ,2024-10-04,https://boutetsuya.livedoor.blog/archives/25758296.html,3073ＤＤグループ 2024,1327.0,2.48,9.7,,分散枠,,100株 自社優待券6000円,公表なし,,,,,23年は大きく株価を上げ、天井をつけてからの反動も 最近は1300円前後におさまってきた様子。 業績も順調に回復基調で、再度2000円を目指していきそう。,,,,,,
3132,マクニカホールディングス,2024-10-05,https://boutetsuya.livedoor.blog/archives/25763121.html,3132マクニカホールディングス 2024,1993.0,1.42,8.5,3.51,監視銘柄,,なし,DOE4% 総還元性向30～50%,3676.0,23.635311,2.2890692,2.23,上げ過ぎた株価は大きく天井をつけ調整へ。 現在の2000円あたりは割安圏内。 このあたりで底固めをして、再び2500円を目指していきそう。,16.491502594169894,13.976211544228441,43.31811710326261,99.38398357289527,9.990985902398577,24.72834768933624
3143,オーウイル,2025-10-01,https://boutetsuya.livedoor.blog/archives/28577806.html,3143オーウイル 2025,746.0,1.25,9.6,2.95,監視銘柄,,なし,安定配当,700.0,7.942812,1.0663757,3.14,1Q好調により株価は上昇。 通期の変更なくPER上昇も、後の上方修正を考えれば妥当な位置。 下は650円、上は850円ほど。,7.931994348070879,7.15617834882253,0.13637997525492995,78.2340862422998,5.768373719636927,8.504104140341099
3150,グリムス,2025-10-01,https://boutetsuya.livedoor.blog/archives/28582082.html,3150グリムス 2025,2356.0,3.39,11.2,3.61,分散枠,,なし,配当性向40%,2462.0,11.620882,2.9370747,5.25,業績好調も月足チャートは三角持ち合い。 底を2000円としてそろそろ上に飛びそう。 上にいけば21年高値の3200円を目指しそう。,11.824792074979195,11.454245063920995,-1.72442841858218,63.65503080082136,9.138855879251935,14.155574783915515
3166,ＯＣＨＩホールディングス,2024-10-08,https://boutetsuya.livedoor.blog/archives/25792344.html,3166ＯＣＨＩホールディングス 2024,1395.0,0.78,8.6,3.87,分散枠,,100株 2000円クオカード,配当性向30% or DOE2.8%の高い方,1468.0,14.589544,0.76821995,3.81,1400円を突破し1800円で跳ね返され再び1400円。 ８月下落では1400円も割ったが、基本の底は1400円の予想。 DOEも導入で下は堅い。上は前回高値の1800円まで。,14.103569532431564,13.490008729685258,3.4457551079599025,90.14373716632443,11.77933804174339,15.739240766036778
3167,ＴＯＫＡＩホールディングス,2024-10-09,https://boutetsuya.livedoor.blog/archives/25800627.html,3167ＴＯＫＡＩホールディングス 2024,961.0,1.4,13.9,3.54,分散枠,,300株 1500円クオカード等,配当性向40%～50%,1228.0,14.895681,1.532439,3.07,800-1000という幅の狭いレンジ幅で変動する銘柄。 最近はPERも切り下がり、そろそろ1000円突破を目指しそう。 下は900円が結構堅いラインとなった。,13.332904113430597,12.298641880610756,11.72120397232268,99.58932238193019,10.540547395168938,14.992721267100977
3172,ティーライフ,2023-10-25,https://boutetsuya.livedoor.blog/archives/22214693.html,3172ティーライフ 2023,1373.0,0.95,10.5,3.79,値上がり＆優待目的,,100株 1000円相当の自社商品,配当性向30%,1131.0,13.441883,0.7543143,2.65,下は1200だったのが1300に切りあがった模様。 上は1700円で幾度か跳ね返されており、業績具合からいっても 1700円は再度跳ね返されそうな天井。,13.390096876479872,13.19462117357566,0.386749431298683,67.5564681724846,11.953283078420355,13.712454308029702
3173,Cominix,2023-10-27,https://boutetsuya.livedoor.blog/archives/22240985.html,3173Cominix 2023,811.0,0.76,7.3,4.32,監視銘柄,,200株 優待ポイント2000,配当性向30%,1559.0,15.230558,1.2418985,3.97,あまり株価の変動ない感じだったが、徐々に切り上げ中に見える。 下は700円、上は1000円を目指していきそう。,9.058510121643614,8.555183091738252,68.13535333596894,99.7946611909651,7.362172135617299,15.230558
3176,三洋貿易,2025-10-02,https://boutetsuya.livedoor.blog/archives/28587667.html,3176三洋貿易 2024,1561.0,0.89,9.2,3.65,監視銘柄,,なし,配当性向30%以上 累進配当,1068.0,14.013909,1.1034038,2.78,現株価は妥当な位置。上は高値の1730円まで。 今期の先行費用により来季に業績伸びれば 再び高値越えに挑戦。下は1400円が鉄壁。,10.433916321297769,9.803613538859274,34.31111165224443,99.38398357289527,7.955060093543578,14.184490289325844
3221,ヨシックスホールディングス,2025-10-03,https://boutetsuya.livedoor.blog/archives/28593765.html,3221ヨシックスホールディングス 2025,2521.0,2.21,14.2,1.11,分散枠,,300株 自社優待券10000円＆20%割引券,記載なし,3155.0,15.973875,2.4358757,1.02,米高騰響き業績苦しく、しばらくはレンジを予想。 2400～3200円まで。,15.481639740535915,15.08786486899711,3.1794775470407988,63.244353182751546,12.25766303303714,18.659290892819556
3228,三栄建築設計,2023-01-04,https://boutetsuya.livedoor.blog/archives/17388272.html,3228三栄建築設計 2022,1481.0,,,5.06,値上がり目的,,なし,,,,,,,,,,,,
3231,野村不動産ホールディングス,2025-10-06,https://boutetsuya.livedoor.blog/archives/28612499.html,3231野村不動産ホールディングス 2025,905.0,1.04,10.4,3.98,分散枠,,なし,総還元性向40～45%、DOE4%下限,919.3,9.508688,0.9820689,4.84,コロナ以降株価は上昇トレンドにあるが PERはほぼ変わらず10倍前後で、常に妥当な値段を維持。 現在も株価は妥当で上は1100円、下は830円まで。,9.908251489958573,8.968188893600756,-4.03263371305732,67.14579055441479,7.16349544055047,11.76923159470436
3238,セントラル総合開発,2024-10-15,https://boutetsuya.livedoor.blog/archives/25855619.html,3238セントラル総合開発 2024,453.0,0.46,5.8,3.97,監視銘柄,,なし,安定配当,388.0,25.260418,0.3555168,3.24,コロナ明けから株価も上抜け、底が400円に切りあがった感じ。 PER目線では今の株価は妥当。 しばらくは400～600円のレンジとなりそう。,25.621389390711848,26.82860245657895,-1.4088673537848928,19.71252566735113,22.07861261876073,29.82547837966227
3241,ウィル,2025-10-07,https://boutetsuya.livedoor.blog/archives/28618458.html,3241ウィル 2024,547.0,1.24,8.5,3.56,監視銘柄,,なし,配当性向30%,597.0,10.368183,1.2759737,4.0,前回高値突破に挑戦中。 以前よりPERは割安であり超える可能性十分。 超えれば650円まで、下は500円がかなり堅く450円は鉄壁ライン。,9.749544489212616,8.66631806609498,6.345306813788865,97.1252566735113,6.76445678376195,10.524487266331658
3244,サムティ,2023-11-03,https://boutetsuya.livedoor.blog/archives/22321697.html,3244サムティ 2022,2481.0,1.16,10.5,3.63,値上がり＆優待目的,,300株 自社ホテル宿泊券２枚,公表なし,,,,,下は2000円の壁が機能しており、2500円の天井超えに挑戦中。 業績が回復傾向で好調なことから2500円突破を予想。 突破した場合は次の節目となる3000円あたりまで伸びそう。,,,,,,
3277,サンセイランディック,2025-10-10,https://boutetsuya.livedoor.blog/archives/28637349.html,3277サンセイランディック 2024,1299.0,0.77,9.6,3.31,監視銘柄,,なし,30%以上を目安 40円を下限,750.0,9.438711,0.8311797,7.41,1400円手前は18年高値付近が意識され一旦下落。 株価としては妥当な位置。 直近の業績好調を考慮すると株価は上抜けそう。 下は1150円まで、上は1600円くらい。,8.233813839974518,7.138307439986903,14.633524432818735,99.38398357289527,5.3699559865144035,9.506698447047606
3280,エストラスト,2025-10-16,https://boutetsuya.livedoor.blog/archives/28673238.html,3280エストラスト 2025,1082.0,0.62,5.0,2.59,監視銘柄,,なし,安定配当,922.0,3.9269135,0.5248283,3.72,前期の好業績を受け株価は大きく上昇。 一旦調整が入った形の現在は妥当な位置。 下は900円、上は直近天井の1220円がしばらく意識されそう。,4.481914676563203,3.9360117964895234,-12.383126779842812,43.94250513347023,2.7026780603973983,5.056083932573893
3288,オープンハウスグループ,2025-10-17,https://boutetsuya.livedoor.blog/archives/28682280.html,3288オープンハウスグループ 2024,7357.0,1.61,8.3,2.42,監視銘柄,,なし,総還元性向40%以上,8278.0,8.445044,1.5537541,2.54,8000円天井で跳ね返され、前回高値付近を推移。 このあたりが妥当な株価で、6500～8500円の間で落ち着きそう。,8.935753907885935,7.35128521625596,-5.491533371939406,64.47638603696099,4.91808152167761,11.865675205436283
3289,東急不動産ホールディングス,2025-10-20,https://boutetsuya.livedoor.blog/archives/28698340.html,3289東急不動産ホールディングス 2025,1228.0,1.06,10.3,3.42,分散枠,,100株 宿泊優待券等,配当性向35%以上 累進配当,1311.0,9.680278,1.0267117,3.84,安すぎた株価は前回高値の1266円まで上昇し一旦ストップ。 １年前と株価は同等も中身はそこそこ割安圏内。 下は1100円ほどまで、上は抜ければ1500円まであり。,9.800115453700583,8.427019837890668,-1.2228167542182589,68.99383983572895,6.288742666989859,11.458320546467538
3294,イーグランド,2025-10-21,https://boutetsuya.livedoor.blog/archives/28708134.html,3294イーグランド 2025,1981.0,1.06,6.6,4.64,監視銘柄,,なし,配当性向30% 累進配当,4840.0,16.313324,2.3053186,0.019,直近の業績不振を払拭する上方修正で株価吹上。 在庫調整終了した今の業績を維持できれば妥当な位置。 現株価の2000円を基準に上下300円以内の推移となりそう。,,,,,,
3297,東武住販,2023-11-11,https://boutetsuya.livedoor.blog/archives/22467022.html,3297東武住販 2023,1140.0,0.77,7.9,3.25,監視銘柄,,100株 自社関連食品1000円相当 or 2000円相当（３年）,DOE2.5% 株主優待継続,1178.0,9.114824,0.67643887,3.66,株価は底堅く1000円を切ると反発を数年繰り返している。 直近の業績も横ばいなことから、しばらくは1000-1350のレンジとなりそう。,8.998708834330474,8.567829557272907,1.290353625250562,79.87679671457906,7.438645521176401,10.283378852236476
3300,アンビション ＤＸ ホールディングス,2025-10-22,https://boutetsuya.livedoor.blog/archives/28711812.html,3300アンビション ＤＸ ホールディングス 2025,2499.0,2.13,6.4,4.4,分散枠,,なし,安定配当,2221.0,8.426924,1.8406957,5.05,2300～2400円はかなり堅いラインであり、 現在の株価は割安圏内。 業績成長著しく、業績維持の間は株価はまだまだ上昇余地あり。 とりあえず目先の天井3000円は今後意識されそう。,8.665180062428131,7.884445146325926,-2.749580051558309,70.02053388090349,3.639606223501453,10.493692672153326
3333,あさひ,2023-01-17,https://boutetsuya.livedoor.blog/archives/17591126.html,3333あさひ 2022,1343.0,,,2.08,優待目的,,100株 自社優待券4000円,,1352.0,15.509924,0.84495986,3.74,,15.024105062517272,15.505843466251761,3.2335965134773215,58.110882956878854,13.531782668254785,18.843338553229877
3355,クリヤマホールディングス,2024-10-24,https://boutetsuya.livedoor.blog/archives/25943199.html,3355クリヤマホールディングス 2023,1195.0,0.52,7.1,3.77,監視銘柄,,なし,配当性向30%、DOE2.5%,1762.0,8.557552,0.6611422,3.44,株主還元方針の開示で２月から株価は新領域へ。 現在は水平線が引ける1200円で株価は止まっており ここらあたりが１段目の底となりそう。 業績好調維持ならPER10ラインまでは株価は伸びそう。,7.931083357367818,6.924781058397858,7.898903773974397,92.60780287474333,5.038020717718014,9.51224853552648
3431,宮地エンジニアリンググループ,2024-10-25,https://boutetsuya.livedoor.blog/archives/25952821.html,3431宮地エンジニアリンググループ 2024,1961.0,1.33,11.8,4.97,監視銘柄,,なし,26年度まで総還元性向60%,1593.0,12.936495,1.0120685,4.71,分割後株価下落も、現在の利回り５％ラインは強い節目。 ここを割ったとしても1800円までには止まりそう。 上は前回高値の2500円。超えるのは来年以降か。,14.343193258688691,14.428272947295916,-9.807427351204057,13.347022587268995,11.734610969868173,16.517964003967172
3435,サンコーテクノ,2024-10-26,https://boutetsuya.livedoor.blog/archives/25960480.html,3435サンコーテクノ 2024,1146.0,0.52,7.0,3.32,監視銘柄,,100株 クオカード500円,累進配当,1480.0,7.352941,0.58385336,3.11,長らく900円前後の推移だったが、 アルコール検査義務化の特需があり株価は上抜け。 今期は減益予定で株価は重そう。 下は1000円、上は1400円までの推移となりそう。,6.531458629841523,6.04390356468966,12.577318738653776,99.58932238193019,5.1144791241349505,7.352941
3457,Ａｎｄ Ｄｏ ホールディングス,2025-10-25,https://boutetsuya.livedoor.blog/archives/28727216.html,3457Ａｎｄ Ｄｏ ホールディングス 2025,1073.0,1.16,7.7,4.29,分散枠,,500株 3000P,配当性向30%以上,937.0,14.3075285,0.9747126,4.97,業績が一旦踊り場で上値は重そう。 ただ配当には余裕があり1000円以下は堅そう。 株価回復は来年以降か。,15.462203492695998,15.798528652529196,-7.467726014868714,9.240246406570842,13.510544833523127,19.535519317941574
3464,プロパティエージェント,2023-01-21,https://boutetsuya.livedoor.blog/archives/17670762.html,3464プロパティエージェント 2022,1190.0,,,3.36,監視銘柄,,なし,,,,,,,,,,,,
3465,ケイアイスター不動産,2023-01-22,https://boutetsuya.livedoor.blog/archives/17685777.html,3465ケイアイスター不動産 2022,4790.0,,,5.85,値上がり目的,,100株 クオカード1000円,,3675.0,7.420345,1.5559138,3.8,,6.43194598339578,5.321207734155417,15.367029187679693,91.9917864476386,3.2201732950862962,8.18290563104904
3467,アグレ都市デザイン,2025-10-25,https://boutetsuya.livedoor.blog/archives/28730799.html,3467アグレ都市デザイン 2025,2277.0,1.88,8.1,4.39,分散枠,,100株 クオカード1000円,配当性向35%,2805.0,8.355177,1.8751154,5.16,横ばい続いた株価は2000円を大きく上抜け。 PERでは妥当、利回りでは割安圏内。 1950円のラインは堅そうで、上は2800円まで。,7.159755169097464,5.914387505121743,16.696406548399146,99.58932238193019,3.940155340795898,8.393899745454544
3475,グッドコムアセット,2025-10-26,https://boutetsuya.livedoor.blog/archives/28737628.html,3475グッドコムアセット 2024,1527.0,3.31,11.8,2.95,監視銘柄,,500株 ２万円相当のデジタルギフト（今期限り）,配当性向35%,1535.0,22.77786,3.1414363,3.0,記念優待落ちにより10末で株価が下落予想。 権利落ちでおそらく1300円前後か。 そのあたりで止まれば妥当な位置。 1100円以下は堅そう。,21.188797170769856,17.46224529486097,7.4995424064102645,91.58110882956879,10.381894310777495,26.977296078175893
3482,ロードスターキャピタル,2025-10-30,https://boutetsuya.livedoor.blog/archives/28758881.html,3482ロードスターキャピタル 2024,3270.0,1.9,7.1,2.54,監視銘柄,,価値なし,配当性向18%,2583.0,5.4813995,1.2053213,3.82,業績好調により株価は高値圏。 各指標は高く、直近高値の3660円がしばらく天井となりそう。 下は2800円から順に堅く、最悪2300円まで。,6.302873643116598,5.736157166646831,-13.033327171547127,37.782340862423,4.228083816346586,8.042781302748741
3486,グローバル・リンク・マネジメント,2025-10-30,https://boutetsuya.livedoor.blog/archives/28764747.html,3486グローバル・リンク・マネジメント 2024,2598.0,3.1,10.2,2.98,監視銘柄,,200株 クオカード（１年限り）,配当性向30% 累進配当,1921.0,8.412893,1.9578805,5.25,プライム上場維持のため様々な施策もあり 現時点の株価は割高圏内。 妥当な位置は2100円ほど。下は1700円まで。,9.432235083235135,8.082092440071364,-10.807004641422836,50.92402464065708,4.015252283847315,12.539270485081241
3489,フェイスネットワーク,2025-11-01,https://boutetsuya.livedoor.blog/archives/28771639.html,3489フェイスネットワーク 2025,828.0,2.83,7.2,4.83,監視銘柄,,なし,配当性向35%,787.0,6.505745,1.8833069,5.73,株価は短期間で急騰しているが、 業績を考えればまだどちらかといえば割安圏内。 急騰のため下値も700円近くまで大きく考えられるが 上値も1000円突破の可能性までありそう。,6.521639833139164,5.603152182621642,-0.2437244856484666,73.51129363449692,3.651484983531753,7.538529233645835
3495,香陵住販,2025-11-04,https://boutetsuya.livedoor.blog/archives/28795024.html,3495香陵住販 2024,2420.0,1.1,6.8,2.27,監視銘柄,,なし,配当性向30%目指す 累進配当,2360.0,7.410198,0.9584772,2.75,特別利益にも関わらずPERは高値圏を推移し、 配当性向順次引き上げを考慮しても若干割高圏内。 下は1800円、上は2700円あたりまで。,7.53744954538537,6.453853048285387,-1.6882573424757075,52.772073921971256,4.345021758514818,8.747269530306127
3504,丸八ホールディングス,2023-01-29,https://boutetsuya.livedoor.blog/archives/17806878.html,3504丸八ホールディングス 2022,768.0,,,3.91,値上がり目的,,なし,,,,,,,,,,,,
3526,芦森工業,2024-11-07,https://boutetsuya.livedoor.blog/archives/26059125.html,3526芦森工業 2024,2620.0,0.69,7.9,3.82,監視銘柄,,なし,配当性向30%,,,,,2300円あたりに強い壁。利回りも下支え。 上は今の業績では3000円まで。 上方修正など出れば一気に突破の可能性も。,,,,,,
3538,ウイルプラスホールディングス,2024-11-08,https://boutetsuya.livedoor.blog/archives/26065529.html,3538ウイルプラスホールディングス 2024,1095.0,0.99,6.8,4.21,監視銘柄,,なし,27年度から配当性向30% 下限配当DOE4.5%,947.0,5.785326,0.75313306,4.91,株価は1000～1200円の狭いレンジ。 時折レンジからはみ出すも、下は950円、上は1400円まで。 業績回復の確認ができるまではこのレンジ内となりそう。,5.905166466607709,5.8564697312681995,-2.0294172448038106,45.17453798767967,4.891844606612499,6.846451047431342
3539,ＪＭホールディングス,2025-11-05,https://boutetsuya.livedoor.blog/archives/28800803.html,3539ＪＭホールディングス 2025,1529.0,1.73,11.1,1.57,分散枠,,200株 自社商品or商品券2500円相当（１年）,安定配当,1399.0,11.625395,1.4880288,1.73,直近で株価を上げてきたがまだまだ割安圏内。 1400円から下は堅く、1200円はもう来ないか。 上値は軽そうで、2000円到達も全然あり。,12.266461398922003,11.488825309472732,-5.226172227455439,54.41478439425052,8.708909565084591,14.80676612176073
3543,コメダホールディングス,2025-11-06,https://boutetsuya.livedoor.blog/archives/28807543.html,3543コメダホールディングス 2025,2900.0,2.77,19.5,2.07,分散枠,,100株 自社飲食2000円（議決権行使で+500円）,総還元性向50%,2888.0,inf,2.610881,2.17,PERが非常に安定し、業績に沿って上がるイメージ。 現在やや割安圏内まで株価は調整し、下は2800円まで。 進捗も順調で、再び前回高値を目指していきそう。,,,,,,
3561,力の源ホールディングス,2025-11-07,https://boutetsuya.livedoor.blog/archives/28814643.html,3561力の源ホールディングス 2025,1390.0,3.85,19.1,1.44,分散枠,,100株 自社商品券8000円相当（１年）,20%以上目安,1615.0,26.553766,4.0142674,1.49,優待拡充により優待利回り高く、株価は激安圏内。 ここからの下はあまり考えられず、 しばらくは1300円～1700円で推移しそう。 業績が上向けば一気に2000円超えも。,24.11436249980103,22.044919853901952,10.11597756407243,98.56262833675564,14.54808216735152,28.378823601238388
3636,三菱総合研究所,2024-11-13,https://boutetsuya.livedoor.blog/archives/26111148.html,3636三菱総合研究所 2024,4330.0,1.01,12.2,3.7,監視銘柄,,なし,配当性向40%,4780.0,7.5505075,0.9754961,3.59,下方修正と８月下落が合わさって株価は一段下へ。 PERは妥当な位置で、しばらくは4000～5000円のレンジ。 下は瞬間的に3600円まであり。,7.520424019458126,7.182708893908931,0.40002372823708665,75.15400410677618,5.884661125604095,8.197740244790559
3712,情報企画,2025-11-10,https://boutetsuya.livedoor.blog/archives/28830476.html,3712情報企画 2025,5520.0,2.4,15.2,2.17,監視銘柄,,100株 図書カード500円（１年）,配当性向40%目安,984.0,12.549419,1.9925804,2.42,株価は高値圏を突き抜けPER18.8まで上昇。 6740円をつけたあとは株価調整中も、まだ割高圏内。 下は4500円から堅く最悪4000円、上は直近高値の6740円が 当分の間意識されそう。 カテゴリなしの他の記事 <footer,14.192301241321598,12.781944004510342,-11.575869292699792,44.35318275154005,9.119160124791648,17.13198435136885
3771,システムリサーチ,2025-11-11,https://boutetsuya.livedoor.blog/archives/28836588.html,3771システムリサーチ 2025,1988.0,2.75,13.0,3.02,監視銘柄,,100株 クオカード1000円,配当性向40%,1846.0,11.725101,2.4122677,8.72,現在の株価は妥当な位置。 可能性が高い上方修正を考えれば若干割安ともいえる。 下は1750円まで、上はしばらく直近高値の2280円までか。,11.7521653109221,10.71446955992908,-0.2302921223967691,71.04722792607802,7.890640395747324,13.502211741488274
3817,ＳＲＡホールディングス,2025-11-12,https://boutetsuya.livedoor.blog/archives/28842603.html,3817ＳＲＡホールディングス 2025,5020.0,2.05,12.9,3.59,監視銘柄,,なし,配当性向50%目途,4870.0,10.986036,1.8309985,4.95,株価は大きく上げて若干割高な位置。 通常の底は4300円、上は5500円まで。 為替により純利益の進捗悪く、下方修正があればもう少し下も。,10.861321675777234,10.094296584972154,1.148242616742512,80.69815195071868,8.536733191000787,12.802382951747386
3924,ランドコンピュータ,2025-11-13,https://boutetsuya.livedoor.blog/archives/28849159.html,3924ランドコンピュータ 2025,972.0,3.02,14.0,3.91,監視銘柄,,100株 クオカード2000円,配当性向40%以上(26年３月までは50%以上）,,,,,株主優待新設で株価は急上昇。 総合利回りは6%あり、PER的にも割安水準だが、 配当や優待の変更のリスクがあり今の予想は難しいところ。,,,,,,
3941,レンゴー,2025-11-15,https://boutetsuya.livedoor.blog/archives/28858757.html,3941レンゴー 2025,1007.0,0.54,10.4,3.97,監視銘柄,,なし,累進配当,1597.5,18.867369,0.77633864,3.14,累進配当により配当が確保され、今後900円が底となりそう。 今の1000円の位置は妥当で、この±100円のレンジを予想。 上に抜けたとしても前回高値の1200円まで。,14.332267830436525,11.969602493176177,31.642592946334492,99.58932238193019,7.820666546295481,19.06814851361502
3943,大石産業,2024-11-20,https://boutetsuya.livedoor.blog/archives/26172262.html,3943大石産業 2024,995.0,0.43,7.6,3.22,分散枠,,100株 クオカード1000円 or 2000円 or 3000円（５年、10年）,DOE1.5%以上,1319.0,14.28262,0.5254959,3.97,業績悪く、下方修正となれば株価は850円まではありそう。 上は1100円突破のためには何か必要。,14.18358674458698,13.057299669353121,0.6982243433651503,75.564681724846,9.89787302346045,16.094739520394164
3946,トーモク,2025-11-18,https://boutetsuya.livedoor.blog/archives/28875684.html,3946トーモク 2025,3325.0,0.57,7.8,3.91,分散枠,,なし,配当性向30% 累進配当,4580.0,10.262385,0.7389547,3.68,PERは天井付近も、利回りで見ると割安。 累進配当も宣言し、PERを切り上げていく可能性も。 それを考慮すると、現株価は若干割高の妥当な位置。 下は2900円、上は次の節目の4000円くらいまで。,7.962781126416221,6.640713712775082,28.879405788951452,99.17864476386036,4.558669930969105,10.39682672489083
3964,オークネット,2025-11-18,https://boutetsuya.livedoor.blog/archives/28879192.html,3964オークネット 2024,1892.0,3.45,15.6,2.91,監視銘柄,,300株 プレミアム優待2000P,配当性向40%以上,1465.0,18.859423,4.485733,2.99,配当性向切り上げによりPERも切り上げ。 現在の株価は妥当な位置といったところ。 下は1600円からは堅くなりそうで、上は2300円ほどまで。,14.554102312335347,11.334114683158983,29.581492525414443,97.5359342915811,6.4033695941275015,20.261004827269176
4008,住友精化,2024-11-25,https://boutetsuya.livedoor.blog/archives/26217670.html,4008住友精化 2024,4820.0,0.67,9.1,4.15,値上がり目的,,100株 クオカード1000円２回（半年以上）,配当性向30%,1509.0,12.853492,0.92232376,4.5,2Qで一瞬株価が跳ね上がるも5550円のラインは少し重そう。 下の4000円くらいを背に5550円が突破できるか。 来期増配発表などがあれば上は6500円も。,9.655339438212684,8.691406073325975,33.12314996539709,99.38398357289527,6.970384666902718,13.245314817760105
4022,ラサ工業,2025-11-19,https://boutetsuya.livedoor.blog/archives/28889957.html,4022ラサ工業 2025,5130.0,1.35,12.1,2.5,監視銘柄,,なし,配当性向30％以上,2235.0,20.026882,2.7419007,1.6,今年に入り株価は２倍高。 現在はPERでも利回りでも高値圏といえる。 上はさすがに天井近く、下に振れれば最悪3500円まで。,13.58973802879401,9.335679034541537,47.36768256729407,95.68788501026694,3.9086966564593766,23.7724017655481
4076,シイエヌエス,2025-11-20,https://boutetsuya.livedoor.blog/archives/28896814.html,4076シイエヌエス 2025,1650.0,1.23,11.2,3.03,監視銘柄,,なし,累進配当,1895.0,9.3212,1.271191,3.76,記念配剥落も株価は上昇。 現在は若干割高圏に突入したところ。 下は1450円から堅く、上は2000円まで。,8.050028284441705,7.403873740154959,15.790897505479439,99.7946611909651,5.9429386984148245,9.3212
4088,エア・ウォーター,2025-11-22,https://boutetsuya.livedoor.blog/archives/28910468.html,4088エア・ウォーター 2025,2172.0,0.97,9.4,3.45,分散枠,,100株 1500円相当フルーツバー,配当性向35% 累進配当,2550.0,14.602302,1.4979073,2.94,不適切会計発覚により一気に割安水準まで急降下。 影響軽微で収まれば2100円は底となる水準。 騒動が収まれば2800円めざして上昇していきそう。,13.351212461866528,12.07085413981306,9.370606165595884,92.40246406570843,9.321514281213522,16.377483811764705
4197,アスマーク,2025-11-24,https://boutetsuya.livedoor.blog/archives/28930335.html,4197アスマーク 2024,2505.0,1.87,10.1,3.07,監視銘柄,,100株 クオカード1000円 or 5000円（３年）,総還元性向30%,2320.0,24.154085,1.6504161,3.36,間もなく優待権利落ち。 業績進捗も悪く、2200円ほどまでの下落あり。 上はしばらく2800が天井。,24.243646056163062,24.226105904731085,-0.3694207379351444,50.92402464065708,18.45771899985846,26.64808872981683
4220,リケンテクノス,2025-11-25,https://boutetsuya.livedoor.blog/archives/28940614.html,4220リケンテクノス 2025,1399.0,1.05,10.3,3.36,監視銘柄,,なし,配当性向35%,2714.0,17.650885,1.8683933,3.11,600円天井相場を抜けてから株価は大幅高。 それでも現在は妥当な位置。 1200円より下は堅く、上方修正で1600円程度まであり。,10.151908618029054,8.325278972157237,73.86765054852154,98.97330595482546,5.547974394808088,18.45083299373618
4249,森六ホールディングス,2023-02-18,https://boutetsuya.livedoor.blog/archives/18143860.html,4249森六ホールディングス 2022,1821.0,,,5.49,値上がり目的,,なし,,2868.0,16.782726,0.6206578,4.34,,14.05015946453123,13.081523203855596,19.44865140048386,99.58932238193019,10.252625637423336,16.835391458158995
4298,プロトコーポレーション,2024-12-01,https://boutetsuya.livedoor.blog/archives/26268293.html,4298プロトコーポレーション 2024,1349.0,1.14,9.8,3.71,監視銘柄,,なし,安定配当,,,,,現在下落中も、長期的に見ればきれいな右肩上がり 1200円までには底を付け、再び1600円超えを狙いそう。,,,,,,
4299,ハイマックス,2025-11-26,https://boutetsuya.livedoor.blog/archives/28948534.html,4299ハイマックス 2025,1202.0,1.16,11.2,3.83,監視銘柄,,100株 クオカード1000円,配当性向40%目安,1201.0,11.82203,1.1479102,3.84,22年で高値をつけじり下げ中。 下は1150円、最悪1000円まで。 割安で底もないが上も重く、1400円超えは厳しそう。,11.941437431890932,12.060243134131257,-0.9999418627111178,41.067761806981515,10.319644697744351,13.335098707841528
4318,クイック,2025-12-01,https://boutetsuya.livedoor.blog/archives/28985001.html,4318クイック 2025,2473.0,2.37,12.5,4.21,監視銘柄,,クオカード500 or 1000円（３年）,配当性向50%,811.0,10.946147,2.2413037,4.78,上場来高値更新付近にありながら、かなりの割安水準。 底は2250円を固めており、このラインは堅くなりそう。 上は上場来高値を突破すればとりあえず3000円。 来期になれば3000円突破も十分ありそう。,10.915099678376853,9.892655257145938,0.28444377548519917,76.59137577002053,7.386896842905592,12.631283326268884
4333,東邦システムサイエンス,2024-12-04,https://boutetsuya.livedoor.blog/archives/26291164.html,4333東邦システムサイエンス 2024,1434.0,2.7,22.1,2.79,監視銘柄,,100株 クオカード2000円,配当性向40%,,,,,株価はだいぶ落ちてきたがまだ高値圏。 株主還元引き上げの下支えあるが、一時的には900円まで。 プライム維持に積極的で、今は怖くて買えない。,,,,,,
4345,シーティーエス,2025-12-02,https://boutetsuya.livedoor.blog/archives/28993351.html,4345シーティーエス 2025,909.0,2.65,14.9,3.19,監視銘柄,,なし,累進配当（26年３月期まで）,847.0,13.016751,2.118358,3.61,PER目線では数年に渡り切り下げ中。 株価は横ばいで推移し、そろそろ上に反応していきそう。 1000円を突破すれば目先は1200円天井、下は850円が堅い。,13.835497439944335,13.122126664721302,-5.917723186305834,49.69199178644764,10.310776569308985,16.635112362970524
4386,ＳＩＧグループ,2025-12-04,https://boutetsuya.livedoor.blog/archives/29008085.html,4386ＳＩＧグループ 2025,912.0,2.0,11.3,3.18,分散枠,,300株 クオカード3000円（１年）,DOE6%,885.0,10.540733,1.8024514,3.91,優待新設に伴い株価は上昇。 まだ若干割安な位置といったところ。 下の800円は堅く、目先の天井は1100円。,10.199908339382342,9.03860537939203,3.341448268723335,81.93018480492813,6.271505835616393,11.724138159337551
4401,ＡＤＥＫＡ,2025-12-09,https://boutetsuya.livedoor.blog/archives/29041835.html,4401ＡＤＥＫＡ 2025,3662.0,1.19,13.8,2.84,監視銘柄,,なし,配当性向40%,4774.0,17.176987,1.4444864,2.77,コロナから月足で上昇トレンド築き、 現在は前回高値も突破し高値圏内。 天井は4000円で、下は2900円までの調整はありそう。,13.894460282853501,11.739815199862782,23.62471553643082,98.97330595482546,7.582654856478041,17.544591997535786
4430,東海ソフト,2025-12-09,https://boutetsuya.livedoor.blog/archives/29046162.html,4430東海ソフト 2025,1727.0,1.37,9.7,3.3,分散枠,,なし,配当性向30%,1682.0,8.422212,1.1832504,4.02,長らく割安放置も23年から上昇トレンドへ。 節目となる1800円に差し掛かっているが、 十分割安圏内で突破は時間の問題。 まずは上場来高値付近の2000円を目指しそう。 下は1600円より下は堅い。,8.463306504632872,7.605149663115972,-0.4855608692699076,74.12731006160165,5.519731379848848,9.645295255054089
4464,ソフト９９コーポレーション,2024-12-09,https://boutetsuya.livedoor.blog/archives/26336898.html,4464ソフト９９コーポレーション 2024,1462.0,0.57,11.9,2.94,監視銘柄,,100株 自社製品,配当性向25%,3600.0,26.178009,1.3051724,1.89,現在の株価は妥当な位置。 下はチャートで見てもPERで見ても1200円。 上は1600円が強く意識され、抜けても1700円前後まで。,26.326217912947065,18.62260493656169,-0.5629707747506596,68.58316221765914,9.563731776170348,29.585503229764807
4481,ベース,2025-12-10,https://boutetsuya.livedoor.blog/archives/29055949.html,4481ベース 2024,3220.0,4.21,13.5,3.63,分散枠,,なし,配当性向50%（営利100億達成まで）,3235.0,14.216031,4.134418,3.98,6240円の天井をつけてから、バリュー圏内まで調整。 業績順調で、3000円より下は堅くかなりの割安状態。 上はひとまず4000円で、超えれば4500円あたりを目指しそう。,13.863902174695333,13.356131345197479,2.5398969270526095,78.4394250513347,10.203383047302754,15.778696227784938
4643,アイティフォー,2023-02-27,https://boutetsuya.livedoor.blog/archives/18328542.html,4643アイティフォー 2022,866.0,,,3.46,監視銘柄,,なし,,,,,,,,,,,,
4658,日本空調サービス,2025-12-11,https://boutetsuya.livedoor.blog/archives/29062056.html,4658日本空調サービス 2025,1167.0,1.45,12.8,3.94,準主力,,100株 クオカード1000円,配当性向50%目安,1545.0,14.571348,1.6980746,3.73,昨年900円の天井をぶち抜いてからは株価は堅調。 現在は高値から調整中でそこそこの割安圏内。 PER12ラインの1090円からは下は堅く、 上はPER16ラインの1450円あたりまで。,13.305253135000415,11.314126255596957,9.515751802339123,83.3675564681725,7.7186655689894,15.830591427169297
4662,フォーカスシステムズ,2025-12-14,https://boutetsuya.livedoor.blog/archives/29081273.html,4662フォーカスシステムズ 2025,1987.0,1.88,16.0,2.72,監視銘柄,,なし,配当性向35～40%,1702.0,10.9404125,1.8317758,4.14,PER推移は高い位置にあるが、上方修正はほぼ確実で それを踏まえれば2000円はどちらかといえば割安な位置。 2249円の高値も再び突破は圏内。 通期予想通りの着地となれば1350円までの戻しあり。,10.545752087519535,8.840506851116427,3.7423638371655743,85.62628336755647,5.673173152459186,13.353475047061979
4674,クレスコ,2025-12-15,https://boutetsuya.livedoor.blog/archives/29090638.html,4674クレスコ 2025,1660.0,2.11,13.7,3.49,監視銘柄,,なし,配当性向50%目安,1855.0,14.295623,2.2277868,3.75,現在の株価は妥当な位置。 下は1450円、上は利回り3%ラインの1930円くらいまで。,12.020511476587295,10.848280985543564,18.92691112057925,99.58932238193019,7.483448422350121,14.388101423719679
4685,菱友システムズ,2025-12-16,https://boutetsuya.livedoor.blog/archives/29099271.html,4685菱友システムズ 2025,3295.0,2.09,12.4,2.58,監視銘柄,,なし,配当性向30%以上,2698.0,8.801461,1.5581586,3.82,4400円まで上がった株価はさすがに割高。 今もまだ割高圏内であり、下は2500円、 最悪2000円まであり。上は当面の間前回高値が天井。,10.639121941747606,9.76862413243737,-17.27267486743128,24.84599589322382,5.924379293175699,13.171357338752898
4687,ＴＤＣソフト,2025-12-17,https://boutetsuya.livedoor.blog/archives/29105907.html,4687ＴＤＣソフト 2025,1369.0,2.95,18.4,2.19,監視銘柄,,なし,配当性向40%以上,1009.0,12.286897,2.0795376,3.6,14年頃から業績をともなった上昇トレンド。 23年からは更にトレンドの角度が上がり 現在はしばらく割高圏を推移。 上は前回高値の1607円の意識が強そうで、下は最悪1000円まで。,13.798320630337654,14.439726912398875,-10.953678138298695,20.739219712525667,10.314174191278493,18.19153393524309
4743,アイティフォー,2025-12-18,https://boutetsuya.livedoor.blog/archives/29113883.html,4743アイティフォー 2025,1657.0,2.25,14.6,4.83,監視銘柄,,なし,配当性向50% 総還元性向70%以上,1752.0,16.807367,2.2448761,4.64,総還元性向70%の効果で大幅増配が効き株価底上げ。 利回り的には割安圏内も、業績下振れで 配当性向高めを考慮すると多少の減配リスクあり。 上は1900円、下は1200円と予想が少し難しい。,15.307547954581601,14.096035053560355,9.797905254770068,99.38398357289527,11.332104987482008,17.03760490410959
4746,東計電算,2025-12-20,https://boutetsuya.livedoor.blog/archives/29130775.html,4746東計電算 2024,4065.0,1.59,14.4,4.12,監視銘柄,,100株 お米券２枚,安定配当,6500.0,20.431255,2.0154371,3.03,長らくきれいな上昇トレンドを築き、5000円で一旦調整。 増配による下支えを考えると若干の割安圏内。 下は3500円まで、上は再度5000円突破を目指しそう。,13.144117303968958,12.830324955726459,55.44029718778178,99.17864476386036,10.767852306726075,20.839880100000002
4752,昭和システムエンジニアリング,2025-12-21,https://boutetsuya.livedoor.blog/archives/29138718.html,4752昭和システムエンジニアリング 2025,1648.0,1.26,10.6,3.34,分散枠,,なし,配当性向30%～40%,1550.0,8.634617,1.1239467,4.01,現在は若干割高圏を推移も、業績は予想を上振れており、 それを考慮するなら妥当な位置。 下は1500円以下堅く、上は前回高値の1850円まで。,8.60848662220526,7.853461844924509,0.30354206193847766,74.33264887063655,6.370177539428396,9.348625350152313
4763,クリーク・アンド・リバー社,2025-12-22,https://boutetsuya.livedoor.blog/archives/29145536.html,4763クリーク・アンド・リバー社 2025,1431.0,1.76,9.5,3.14,分散枠,,100株 自社製品,配当性向30%水準,1436.0,7.4690523,1.5587585,3.45,22年に高値を付けてから株価は調整し半値ほどに。 1400円以下はかなり堅い水準で底にに近そう。 上昇に転じれば、ひとまず1900円が一旦天井となりそう。,7.2961027674685575,7.492192173481161,2.3704371778119793,45.790554414784395,6.309164651740947,8.656884183023353
4783,ＮＣＤ,2025-12-23,https://boutetsuya.livedoor.blog/archives/29151622.html,4783ＮＣＤ 2025,3005.0,3.04,14.9,3.09,監視銘柄,,1000株 クオカード2000円 or 3000円（３年）,配当性向505以上,2495.0,10.959325,2.48852,4.84,配当性向の切り上げによりPERは一段上での推移へ。 現在は減益を利回りに支えられた形で 妥当な位置でありながら上も下も動きにくい様子。 来期から復調となれば次の節目の3500円を目指しつつ 下は2700円あたりが鉄壁ラインとなりそう。,11.88556584163789,11.045528480709974,-7.7929890253357055,44.969199178644764,6.578680269956417,15.199147585588658
4832,ＪＦＥシステムズ,2024-01-06,https://boutetsuya.livedoor.blog/archives/23087599.html,4832ＪＦＥシステムズ 2023,3975.0,2.25,13.2,2.97,監視銘柄,,なし,配当性向35%,1913.0,14.084817,1.7273402,3.66,直近すごく上がってしまい、現在は高値圏。 ただし上昇チャートが続いており、どこまで伸びるかは青天井。 下は3000円、もう１つ下は2500円まで。,15.154974120451367,13.331833955349413,-7.061424928513804,55.64681724845995,9.288189297617505,17.82668610565967
4848,フルキャスト,2024-01-07,https://boutetsuya.livedoor.blog/archives/23101676.html,4848フルキャスト 2023,1815.0,2.57,11.1,3.25,監視銘柄,,なし,配当性向35%,1832.0,13.735192,1.9719195,3.6,23年は株価軟調。１年かけて底値圏とされる1500円に接近。 最悪1000円まであるが、1500円で止まる可能性が高そう。 来季も業績横ばい予想であり、高くなっても上は3000円まで。,12.19427038512298,11.624971793351252,12.636439624603902,99.7946611909651,9.122911263870172,13.735192
4972,綜研化学,2024-12-23,https://boutetsuya.livedoor.blog/archives/26456054.html,4972綜研化学 2024,3540.0,0.8,7.2,2.68,分散枠,,なし,配当性向30%を維持しDOE3%を目指す,3325.0,13.634314,1.3068433,2.27,若干高い位置で推移していた株価も、上方修正が出たため PERが切り下がり今は割安圏となった。 下は3000円、上は4500円くらいまで。,11.493739585544045,8.857794837502118,18.623829072551867,84.59958932238193,5.117025859374927,15.602575870676691
5071,ヴィス,2025-12-25,https://boutetsuya.livedoor.blog/archives/29166334.html,5071ヴィス 2025,1337.0,1.61,8.9,3.66,準主力,,なし,配当性向40% 累進配当,1345.0,8.285591,1.4300995,4.06,PER目線、利回り目線で見ても割安圏内。 加えて来期からの配当性向引き上げや累進配当を考慮すれば 激安レベル。 下は1300円以下は堅く、上は1600円超えもあり。,8.621789572289968,8.031856185469453,-3.899405911859577,61.19096509240246,6.16789895109768,10.059336617752018
5076,インフロニア・ホールディングス,2025-12-28,https://boutetsuya.livedoor.blog/archives/29187890.html,5076インフロニア・ホールディングス 2025,2121.0,1.28,10.1,4.01,分散枠,,なし,配当性向40%以上 下限配当60円,2690.0,10.426761,1.0330583,5.01,株価は半年で倍ほどの急騰も、業績もついてきており 現在の株価は妥当な位置。 少し予想難しいが、下は1800円、上は2400円ほどまで。,8.186980574401442,6.23801187818786,27.35783241750651,95.07186858316223,3.998619275010256,11.300825909107807
5078,セレコーポレーション,2026-01-02,https://boutetsuya.livedoor.blog/archives/29227810.html,5078セレコーポレーション 2025,4815.0,0.79,11.6,2.59,監視銘柄,,なし,配当性向30%,4740.0,13.986013,0.77058274,3.38,下方修正の発表により株価は大きく下落。 株価急落もPER目線では更に割高であり、 もう少し下落余地はありそう。 下は3800円、上は業績回復なら6100円あたりまで。,15.308772788391158,14.044664696525563,-8.640534461352933,42.38683127572017,10.591822465006716,18.691039272427254
5184,ニチリン,2026-01-03,https://boutetsuya.livedoor.blog/archives/29232852.html,5184ニチリン 2024,3695.0,0.86,9.8,4.44,監視銘柄,,100株 クオカード1000円 or 2000円（３年）,配当性向40% 下限DOE2.5%,4145.0,10.146133,0.86734116,4.62,PER目線だと高値圏で利回り目線だとそうでもない難しい位置。 3000円までの下落は普通にありそう。 上は4000円を超えるにはもう少し何かほしいところ。,9.281593565206595,8.596677777035946,9.314558202960498,97.3305954825462,7.085712478811716,10.468045058181685
5186,ニッタ,2026-01-04,https://boutetsuya.livedoor.blog/archives/29241168.html,5186ニッタ 2025,4215.0,0.74,10.0,3.44,監視銘柄,,200株 自社製品1200円 or 3000円相当（３年）,"配当性向30% DOE2,5%以上",6970.0,14.205356,1.1347793,2.4,利回りの下支え効き、下は3500円ほどまで。 上は4600円あたりまで。 それ以上はもう少し業績の勢いがほしいところ。,9.544438743713407,8.356176147255296,48.83385373871858,99.38398357289527,6.411483281979129,14.409163116212339
5331,ノリタケ,2026-01-06,https://boutetsuya.livedoor.blog/archives/29253989.html,5331ノリタケ 2025,5710.0,1.03,13.1,3.27,監視銘柄,,100株 自社製品割引券,配当性向35%以上 累進配当,3765.0,14.778616,1.1528887,3.11,23年からの上昇が著しく、さすがに高値圏内。 ３月末に分割を控えており、株価調整のきっかけになるかも。 上は6000円まで、下は4400円まで。,11.962111276847892,9.518236154637588,23.5452142014706,93.42915811088297,5.881625036885012,17.820694990703853
5384,フジミインコーポレーテッド,2023-03-02,https://boutetsuya.livedoor.blog/archives/18376285.html,5384フジミインコーポレーテッド 2022,6480.0,,,3.4,監視銘柄,,なし,,4010.0,32.831177,3.4944348,1.95,,24.06926332500311,20.52304288372327,36.40291585449158,92.40246406570843,12.520700053975656,41.67348900997506
5393,ニチアス,2026-01-07,https://boutetsuya.livedoor.blog/archives/29263032.html,5393ニチアス 2025,7174.0,2.05,17.6,2.12,監視銘柄,,なし,DOE5% 累進配当 総還元性向50%,3529.0,21.30524,2.735589,1.71,DOE水準が引きあがり、株価は一段上を推移。 それを考慮してもPER、利回り両面でかなりの割高圏を推移。 チャートは勢いがあり、上は勢い止まるまで。 下は5300円から下は堅く、最悪4000円まで。,16.23210556499199,13.22903914133243,31.25370528608016,93.22381930184805,8.198667748698286,24.52909892887504
5463,丸一鋼管,2026-01-08,https://boutetsuya.livedoor.blog/archives/29267703.html,5463丸一鋼管 2025,1509.0,1.02,15.6,2.97,分散枠,,300株 お米券３枚（年２回）,総還元性向50%,1743.0,14.789988,1.0954038,2.97,株価は直近高値を抜き、割安域から妥当な位置へ。 上は1700円、下は1300円と、上下ともに200円ほどありそう。,12.64513923715438,10.942486219718505,16.961843777437835,90.55441478439425,8.470828667935132,16.419177728055075
5464,モリ工業,2023-03-07,https://boutetsuya.livedoor.blog/archives/18453274.html,5464モリ工業 2022,3255.0,,,3.99,準主力,,なし,,944.0,10.683567,0.60865253,3.62,,10.823296969411905,10.605934501230877,-1.291011138350917,49.07597535934292,9.17114335204464,12.380102543596042
5845,全保連,2026-01-11,https://boutetsuya.livedoor.blog/archives/29288963.html,5845全保連 2025,1000.0,3.54,14.3,4.0,監視銘柄,,なし,配当性向50%以上 累進配当,1212.0,18.408264,3.9269814,9.04,配当性向高いが、累進配当が効いているため 利回り的には妥当な位置。PERは若干割高圏内。 下は900円まで、上は1100円あたりが一旦天井となりそう。,14.558708609042862,12.818697987778858,26.441599281450422,99.7946611909651,9.202188960840811,18.408264
5903,ＳＨＩＮＰＯ,2026-01-14,https://boutetsuya.livedoor.blog/archives/29303427.html,5903ＳＨＩＮＰＯ 2025,1206.0,0.97,10.0,3.48,監視銘柄,,なし,配当性向35%以上,1685.0,20.121805,1.2998875,0.025,18年から概ね1000～1500円のレンジで推移。 業績は上がっているのでPERは切り下がり中。 1Qの調子はよく、繁忙期の2Q好調なら株価回復も 下は1000円が相当堅く、上は1500円突破は微妙なところ。,,,,,,
5911,横河ブリッジホールディングス,2026-01-14,https://boutetsuya.livedoor.blog/archives/29307569.html,5911横河ブリッジホールディングス 2025,3160.0,0.95,15.4,3.8,監視銘柄,,1000株 クオカード1000 or 2000円（５年）,DOE3.5%以上 累進配当,2929.0,13.414243,0.87328404,4.45,株価は高値を抜け強い勢い。 高値値突入だが、勢いある間は上へ行きそう。 下は2750あたりから堅く、2500円が鉄壁ライン。,13.201831379773527,12.31927756813228,1.6089557131589327,79.67145790554414,10.008754708219696,14.498868040294541
5929,三和ホールディングス,2026-01-15,https://boutetsuya.livedoor.blog/archives/29313661.html,5929三和ホールディングス 2025,4219.0,2.85,15.4,2.94,監視銘柄,,100株 クオカード500円,DOE8%,3683.0,13.092784,2.2718413,3.61,23年から一気に評価され急騰。 PERは20で天井をつけ、現在は若干割高の位置を推移。 ただし業績好調のDOE銘柄で下値は堅そう。 下は4000円を割れると3300円まで、上は今期は5000円までか。,13.873796530472422,14.501963852678614,-5.629407413875542,25.46201232032854,9.707311948998143,18.276900769655345
5933,アルインコ,2025-01-12,https://boutetsuya.livedoor.blog/archives/26631900.html,5933アルインコ 2024,1034.0,0.65,9.8,4.16,監視銘柄,,500株 商品券1000円 or 2000円（３年）,配当性向40%,1105.0,12.569673,0.65379083,4.17,800～1400のレンジだったが、最近は900～1100の狭いレンジ。 業績はあまり変わっていないが、利回りは上がってきており 900円の壁はかなり底堅い。 今期進捗悪く、1100円突破までは時間がかかりそう。,12.112493798471768,11.501886181941972,3.7744432247793114,90.96509240246407,9.728243941472533,13.280392684723093
5939,ニチアス,2023-03-05,https://boutetsuya.livedoor.blog/archives/18414523.html,5939ニチアス 2022,2709.0,,,3.4,監視銘柄,,なし,,4850.0,12.728322,0.85715413,0.62,,14.739521094091176,15.373036522625698,-13.644941930287214,2.2587268993839835,12.59710218556701,26.097891141996215
6058,ベクトル,2026-01-17,https://boutetsuya.livedoor.blog/archives/29327171.html,6058ベクトル 2025,1476.0,3.54,13.8,2.24,分散枠,,なし,配当性向30%以上,1755.0,16.09944,3.6953359,2.01,3Q決算を受けストップ高。重かったラインを抜け、 もう一段高くなれるかどうか。 まだ予測が難しいが、1500円から±250円あたりの推移となりそう。,12.064237688634329,10.302110449928717,33.44763602566634,95.27720739219713,7.2604801876502405,18.18181770940171
6076,アメイズ,2026-01-18,https://boutetsuya.livedoor.blog/archives/29335868.html,6076アメイズ 2025,1282.0,1.04,7.8,2.73,分散枠,,100株 自社ホテル30%割引券５枚,継続的かつ安定的な配当,,,,,22年から上昇トレンド継続。 1200あたりがかなり堅く、現在はそれなりに割安圏内。 価格改定や新規出店など利益につながる動きは見せており、 増益が見えてくれば前回高値の1634円突破も。,,,,,,
6089,ウィルグループ,2026-01-19,https://boutetsuya.livedoor.blog/archives/29341043.html,6089ウィルグループ 2025,1222.0,1.55,14.0,3.6,監視銘柄,,100株 クオカード500～2000円（～３年）,総還元性向30% 累進配当,1148.0,11.364087,1.3154563,3.95,今期の業績は復調で株価も底上げ。 当面1000円のラインは堅くなりそう。 上は1500円重く、このあたりのレンジとなりそう。,10.679674263241395,9.815855490405054,6.40855441737862,86.44763860369609,7.973803792045407,12.509800691988318
6091,ウエスコホールディングス,2026-01-20,https://boutetsuya.livedoor.blog/archives/29348667.html,6091ウエスコホールディングス 2025,863.0,0.72,13.7,3.24,監視銘柄,,なし,DOEに留意し配当性向40%,922.0,13.952785,0.7274868,3.1,業績好調による株価切り上げでPERは高い位置で推移。 1000円突破はもう少し先か。 下に転じても700円あたりで止まりそう。,12.564179798506355,10.756049362992977,11.05209590886882,99.38398357289527,7.598680946650474,14.04553941349617
6183,ベルシステム２４ホールディングス,2023-03-14,https://boutetsuya.livedoor.blog/archives/18565060.html,6183ベルシステム２４ホールディングス 2022,1462.0,,,4.1,監視銘柄,,なし,,1388.0,12.610157,1.3939494,4.4,,12.503230598555756,11.84633190800864,0.8551901894586544,70.84188911704312,9.74860577848829,13.936585618155618
6209,リケンＮＰＲ,2026-01-21,https://boutetsuya.livedoor.blog/archives/29354769.html,6209リケンＮＰＲ 2025,3745.0,0.69,11.2,3.6,分散枠,,なし,配当性向40%以上,3835.0,7.369756,0.6239785,5.39,トランプ関税による急落あったが、そこから２倍高。 若干割高もまだまだ妥当な位置。 下は3200円あたりまで、上は一旦節目の4000円が意識されそう。,6.77062218264281,5.540513815203441,8.8490215698807,81.93018480492813,3.5332468617156945,8.408500986020515
6224,ＪＲＣ,2026-01-22,https://boutetsuya.livedoor.blog/archives/29361413.html,6224ＪＲＣ 2025,1303.0,3.16,13.8,2.23,準主力,,なし,配当性向30%目安,1128.0,10.7684965,2.4700441,2.71,バリューとグロースの間のような銘柄で 業績成長考慮で現在は妥当な位置～若干割安圏内と予想。 1300円あたりから順に堅くなりそうで、上は前回高値の1826円を意識。 いずれは超えそうだが、一旦天井となりそう。,13.006192770945379,11.270593685731082,-17.20485241418368,47.84394250513347,7.763156265686116,16.94037970326736
6230,ＳＡＮＥＩ,2026-01-24,https://boutetsuya.livedoor.blog/archives/29373225.html,6230ＳＡＮＥＩ 2025,2256.0,0.71,7.1,3.06,監視銘柄,,なし,累進配当,2113.0,7.925137,0.6381444,3.6,現在の株価は妥当な位置。 現在は利益圧迫も、増収であり来期からに期待。 今期中は2200円を境に上下200円ほどの値幅となりそう。,7.963927442581495,7.451454331202734,-0.4870767954776922,67.14579055441479,6.102623365250724,8.679018938949362
6250,やまびこ,2026-01-26,https://boutetsuya.livedoor.blog/archives/29387520.html,6250やまびこ 2024,3345.0,1.22,10.5,2.69,監視銘柄,,なし,安定配当,4220.0,9.326585,3.3643835,2.49,直近でも株価はよく上がり、現在は若干の割高圏内。 下は2800円くらいから堅くなりそう。 上は勢い続けば本決算や中計次第で青天井。 期待買いとの勝負で、今の時点での予想は難しい。,7.074735596517848,5.996459806031743,31.8294496347044,99.38398357289527,3.811250530963048,9.746502334123223
6267,ゼネラルパッカー,2026-01-27,https://boutetsuya.livedoor.blog/archives/29395060.html,6267ゼネラルパッカー 2025,4100.0,0.96,8.9,2.93,監視銘柄,,なし,配当性向30%またはDOE3%を目安,4010.0,9.608933,0.88368857,3.0,長く続いた割安期間を漸くブレイク。 利回り目線でそろそろ天井近そうで、4500円あたりまで。 下は3600円あたりから堅そうで、最悪3300円まで。,8.832800359785466,7.6370196705351345,8.78693742188672,97.3305954825462,5.6774552532828695,10.16147870660568
6294,オカダアイヨン,2026-01-28,https://boutetsuya.livedoor.blog/archives/29401359.html,6294オカダアイヨン 2025,2355.0,1.09,11.2,3.18,監視銘柄,,400株 優待ポイント5000P,配当性向30%以上 累進配当,1932.0,10.423523,0.86094683,3.9,割安圏から株価上昇中で、現在は妥当な位置まで回復。 下は2000円、上は2700円あたりまで。,11.311875281592046,10.646804793745057,-7.8532715352482185,40.4517453798768,8.748259941758686,13.221564220132578
6309,巴工業,2026-02-07,https://boutetsuya.livedoor.blog/archives/29466628.html,6309巴工業 2025,1922.0,1.32,13.4,3.75,監視銘柄,,200株 自社ワイン（１年）,配当性向50%以上 DOE5%下限,1938.0,14.067945,1.2998781,3.91,株価は現在大きく上昇中も、どちらかといえばまだ割安圏内。 下は1600円はかなり堅そう。 上はとりあえず2000円目指し、超えればPER16の2300円まで。 ↓↓書籍はこちらから↓↓,12.83035303063823,11.06897948960116,9.645813847884499,94.25051334702259,8.192828855037156,15.887843677889702
6316,丸山製作所,2024-02-01,https://boutetsuya.livedoor.blog/archives/23365521.html,6316丸山製作所 2023,2678.0,0.59,8.2,3.17,監視銘柄,,100株 クオカード1000 or 2000 or 3000 or 5000円（１年、３年、５年、７年）,配当性向25～30%,2838.0,9.539175,0.51827615,2.84,23年で株価はかなり急上昇したが、各指標まだ割高感なし。 2960円が前回高値で、一旦跳ね返す天井となる可能性も。 下は2200円前後を予想。,7.912341966887514,7.35827660981507,20.560701748238962,99.58932238193019,5.59819096977121,9.670263028541225
6363,酉島製作所,2026-02-08,https://boutetsuya.livedoor.blog/archives/29474066.html,6363酉島製作所 2025,2127.0,1.03,10.0,2.91,監視銘柄,,なし,DOE3%及び配当性向35%目安 累進配当,3180.0,14.178074,1.3569933,2.13,24年を最後に下がり続けた株価はやっと下げ止まり感。 PER目線では十分割安で、1900円あたりは堅そう。 ただ利回りは低めなので、瞬間的な下げがあれば 1500円までは可能性あり。上は2500円あたりまで。 ↓↓書籍はこちらから↓↓,10.961546085726631,10.44460539070675,29.343743018712566,94.8665297741273,7.391955244087574,15.537920720125786
6381,アネスト岩田,2026-02-09,https://boutetsuya.livedoor.blog/archives/29481634.html,6381アネスト岩田 2025,1778.0,1.48,16.9,4.67,監視銘柄,,なし,DOE7～7.5%（今中計中）,1914.0,14.077669,1.4972284,4.65,DOEによる高配当確約のため、1600円のラインはかなり堅い。 ただ業績微妙で、ここから上も少し厳しそう。 しばらく1600～1900円あたりの推移か。 ↓↓書籍はこちらから↓↓,11.805962691181335,10.530145982736816,19.242025137988584,99.7946611909651,7.082931454830445,14.077669
6432,竹内製作所,2026-02-10,https://boutetsuya.livedoor.blog/archives/29489926.html,6432竹内製作所 2025,7420.0,1.93,13.0,2.95,監視銘柄,,なし,配当性向40%目指して段階的に引き上げ,7700.0,12.579233,1.9087474,2.86,24年高値から大きく調整し、トランプショックで 再び4000円窓埋めするもその後強い動き。 上はPER16ラインの9000円まで、下は6000円を抜けると 5000円までは可能性あり。 ↓↓書籍はこちらから↓↓,10.654706316229563,9.068887803798672,18.062691046105538,98.76796714579056,6.2897461244269035,12.954976323376624
6454,マックス,2026-02-11,https://boutetsuya.livedoor.blog/archives/29493270.html,6454マックス 2025,6700.0,2.76,22.8,1.97,監視銘柄,,なし,DOE5%、配当性向50%を目安,1845.0,24.076733,2.931028,2.14,バリュー株から成長株の評価になりかけている。 現在は割高圏内も、成長著しく上は青天井状態。 3Qで下落するもすぐ戻す強い株価推移で、 現在は少し予想が難しくなってしまった。 ↓↓書籍はこちらから↓↓,20.8955183147838,16.80672667180514,15.224387532734518,98.56262833675564,10.308057606971671,25.316456379403792
6462,リケン,2023-03-22,https://boutetsuya.livedoor.blog/archives/18692432.html,6462リケン 2022,2479.0,,,4.84,値上がり目的,,なし,,,,,,,,,,,,
6488,ヨシタケ,2026-02-12,https://boutetsuya.livedoor.blog/archives/29501819.html,6488ヨシタケ 2025,1009.0,0.72,10.8,2.78,監視銘柄,,なし,配当性向30%以上,1044.0,8.984509,0.7208153,3.6,業績好調を受け株価は１年で大きく上昇。 PER、利回り両面で若干の割高圏内といったところ。 下は900円を抜けると最悪100円ごとに節目で最悪700円まで。 上は1100円重いが、抜ければ1200円まで。 ↓↓書籍はこちらから↓↓,8.047318990520472,6.79972617414507,11.645990553916308,99.7946611909651,4.8526187550718225,8.984509
6542,ＦＣホールディングス,2023-03-25,https://boutetsuya.livedoor.blog/archives/18743327.html,6542ＦＣホールディングス 2022,811.0,,,2.71,監視銘柄,,なし,,,,,,,,,,,,
6554,エスユーエス,2026-02-14,https://boutetsuya.livedoor.blog/archives/29512721.html,6554エスユーエス 2025,1100.0,2.32,9.9,4.55,分散枠,,なし,安定配当,1059.0,9.378321,2.1046858,4.83,増収増益基調にありながら株価は評価されず、 PERと利回りが切り下がり現在は明らかに割安圏内。 1000円のラインはかなり意識されそう。 上はひとまず1500円が節目だが、2000円まで可能性はありそう。 ↓↓書籍はこちらから↓↓,9.659627964794012,8.609701925399548,-2.9121925380488634,62.83367556468173,5.270201462389721,11.016649031161473
6555,ＭＳ＆Ｃｏｎｓｕｌｔｉｎｇ,2023-03-28,https://boutetsuya.livedoor.blog/archives/18796247.html,6555ＭＳ＆Ｃｏｎｓｕｌｔｉｎｇ 2022,605.0,,,2.81,準主力,,なし,,417.0,10.367976,0.6393244,,,10.451736626960727,10.690891949950514,-0.8014039192746458,43.53182751540041,9.224266417266188,13.525608978417267
6570,共和コーポレーション,2023-03-29,https://boutetsuya.livedoor.blog/archives/18816549.html,6570共和コーポレーション 2022,624.0,,,2.8,値上がり＆優待目的,,100株 自社優待券・ＪＣＢギフトカード1000円（１年）,,2970.0,15.787795,3.0121977,1.54,,7.383486634580247,6.087526504738557,113.82574089128204,100.0,3.93364832903765,15.787794999999997
6622,ダイヘン,2026-02-15,https://boutetsuya.livedoor.blog/archives/29519299.html,6622ダイヘン 2025,13490.0,2.12,22.8,1.3,監視銘柄,,なし,配当性向30%,13580.0,22.946941,2.0471783,0.31,10000円の節目を超えた株価は現在青天井状態。 過去を見ると明らかに割高だが、勢いあるうちはどこまでも。 今後10000円は逆に下方向の節目となりそう。 ↓↓書籍はこちらから↓↓,20.424363863667004,15.764325873863667,12.350823522197519,81.3141683778234,8.296845434032052,32.86583228645066
6623,愛知電機,2026-02-16,https://boutetsuya.livedoor.blog/archives/29528301.html,6623愛知電機 2025,8280.0,0.93,10.5,2.9,監視銘柄,,100株 カタログギフト3000円相当（１年）,配当性向30%以上,,,,,今まで渋かった株価は25年に大きく上昇。 現在はPER10ライン、及びPBR１倍ラインも間近で さすがに天井近い雰囲気。 上は9000円まで、下は6000円まで。 ↓↓書籍はこちらから↓↓,,,,,,
6653,正興電機製作所,2026-02-17,https://boutetsuya.livedoor.blog/archives/29535793.html,6653正興電機製作所 2025,2235.0,1.67,13.1,2.46,監視銘柄,,100株 クオカード500円 or 1000円（３年）,総還元性向50%,2255.0,12.111936,1.5564563,2.65,１年で株価は大きく上昇し、一時2795円まで。 2500円は何度も跳ね返されていることもあり、 上はこのライン今後が重くなりそう。 直近の業績は好調で、おそらく下は限定的。 株価急騰してきたが、下は1800円くらいまでと予想。 ↓↓書籍はこちらから↓↓,11.682445595134432,9.085425709530021,3.6763741065008126,76.59137577002053,5.052951578287833,15.086097070364469
6670,ＭＣＪ,2025-02-06,https://boutetsuya.livedoor.blog/archives/26839345.html,6670ＭＣＪ 2024,1302.0,1.51,10.1,3.07,監視銘柄,,1000株 自社製品カタログ10000円相当,配当性向30% DOE4.5%,2184.0,14.244717,2.0502653,0.0379,昨日決算を受け株価を下げてスタート。 元々割高圏からの調整で、今は妥当な株価といったところ。 下は1100円、上は前回高値の1580円まで。,,,,,,
6745,ホーチキ,2026-02-18,https://boutetsuya.livedoor.blog/archives/29539845.html,6745ホーチキ 2025,5820.0,2.25,20.1,1.37,監視銘柄,,なし,累進配当,2050.0,16.31516,2.252636,1.93,株価は高値圏を突き抜け青天井状態。 まだ勢いがあり、6000円突破の可能性も十分。 ただし株価はかなりの割高圏内。 下に振れれば4000円を割る可能性もあり。 ↓↓書籍はこちらから↓↓,13.484055955938503,9.96892236314334,20.995938116191603,90.34907597535934,4.532727344871856,18.607241014634145
6912,菊水ホールディングス,2026-02-19,https://boutetsuya.livedoor.blog/archives/29548302.html,6912菊水ホールディングス 2025,2080.0,1.14,11.9,2.55,監視銘柄,,なし,DOE2%以上、配当性向30%以上,2347.0,12.147404,1.2376988,2.54,1200～1400円の長いレンジを抜け株価は一気に上昇。 業績好調を考慮しても2200円はまぁまぁな割高圏。 勢いが落ち着けばここは一旦天井となりそう。 下は1800円あたりまで、抜けても1600円は鉄壁。 ↓↓書籍はこちらから↓↓,9.850259354217759,8.19904347593723,23.320651397860214,97.3305954825462,5.626539650529183,13.48791428376651
6957,芝浦電子,2025-02-10,https://boutetsuya.livedoor.blog/archives/26874753.html,6957芝浦電子 2024,4650.0,1.92,18.8,3.23,監視銘柄,,なし,公表なし,,,,,3Qの上方修正で一気に株価急騰。 過去高値をぶち抜くが、さすがに高値圏か。 高値ブレイク中で上の予想難しいが、 下は4000円以下まで戻る可能性もあり。,,,,,,
7039,ブリッジインターナショナルグループ,2026-02-21,https://boutetsuya.livedoor.blog/archives/29556450.html,7039ブリッジインターナショナルグループ 2025,1873.0,1.43,9.8,5.07,監視銘柄,,なし,配当性向50%,1734.0,11.621204,1.3873832,5.51,配当性向切り上げにより株価は一段上へ。 先行投資により株価は低迷で、現在は割安圏内。 1700円あたりは堅いと思われ、上は2500円が次の節目。 ↓↓書籍はこちらから↓↓,12.190822118098472,11.193016150214763,-4.672516033621865,52.56673511293635,8.195340779424718,13.428602038042571
7115,アルファパーチェス,2026-02-23,https://boutetsuya.livedoor.blog/archives/29568898.html,7115アルファパーチェス 2025,1950.0,2.82,16.9,1.9,監視銘柄,,なし,30%を目指す,1555.0,15.231659,2.28338,2.23,25年は株価が一時大きく上昇しバリュー株の域を超えるも 現在は2000円近くまで下降。このあたりが一旦底となりそう。 ただしバリュー株目線では割高で、 上場間もないことからまだ予想が難しい。 ↓↓書籍はこちらから↓↓,21.240793457054888,18.60038545881395,-28.29053664687381,33.67556468172484,8.810809906644277,36.072480788561506
7120,ＳＨＩＮＫＯ,2026-02-24,https://boutetsuya.livedoor.blog/archives/29577499.html,7120ＳＨＩＮＫＯ 2025,920.0,2.27,8.1,3.8,分散枠,,なし,配当性向30%目標,1039.0,7.239409,2.1501772,4.26,1000円の節目で一旦跳ね返したが、株価は妥当な位置。 下は800円までで、1000円突破は時間の問題。 PER10で考慮すると、今の業績だと上は1150円まで。 ↓↓書籍はこちらから↓↓,6.201176926712719,5.336570477755707,16.742500424635587,94.8665297741273,3.9368555326062262,7.727145891241579
7130,ヤマエグループホールディングス,2026-02-25,https://boutetsuya.livedoor.blog/archives/29582959.html,7130ヤマエグループホールディングス 2025,3100.0,0.89,6.9,2.26,準主力,,100株 ビザハット利用券3000円（１年）,公表なし,2888.0,7.2319326,0.72777987,2.76,増資のあと株価は大幅下落。 2000円、2500円と段階的に根固めして現在は3000円突破。 下は2500円程度まで、上は本決算次第で4000円目指す。 ↓↓書籍はこちらから↓↓,6.880647560173063,6.080266778759826,5.105406675096469,83.5728952772074,3.9012774529658945,7.773876605643098
7131,のむら産業,2026-02-26,https://boutetsuya.livedoor.blog/archives/29589657.html,7131のむら産業 2025,3970.0,2.26,9.6,2.42,分散枠,,なし,配当性向25%目標,3625.0,6.7612934,1.842068,2.65,PERは高い水準の10倍に迫っているが、 成長や利回り、配当性向を諸々考慮すれば 現在の株価は妥当な位置といえそう。 上場まもなく、3000円～5000円と大まかな予想で。 ↓↓書籍はこちらから↓↓,6.228829977674538,4.82901675347543,8.548369826017478,85.42094455852155,2.6756475297018723,8.30007051862069
7134,アップガレージグループ,2026-03-03,https://boutetsuya.livedoor.blog/archives/29617823.html,7134アップガレージグループ 2025,1040.0,1.69,11.4,3.51,主力,,100株 自社商品券3000円,配当性向30%,1468.0,14.868834,2.3170729,2.97,24年に挑戦した1200円超えを何度も跳ね返され 下方修正をきっかけに調整となった状態。 1000円の壁は厚く、抜けても900円タッチですぐ戻りそう。 PERで見ると割高圏内も、先行投資を考えればむしろ割安な位置。 来期中には1200円を突破していく動きとなりそう。 ↓↓書籍はこちらから↓↓,11.412423148431404,10.616565338237915,30.286388846733804,99.7946611909651,7.845353663766471,14.868834
7148,ＦＰＧ,2026-03-05,https://boutetsuya.livedoor.blog/archives/29633038.html,7148ＦＰＧ 2025,2070.0,3.1,8.3,6.06,監視銘柄,,なし,配当性向50%,1637.0,8.884667,2.2850235,5.78,税制改正がはっきりするまで販売に影響があり上値は重そう。 配当性向も忠実に守ることから今後の減配リスクも高い。 今のところ下は1650円が支えており、2500円までのボックス。 ↓↓書籍はこちらから↓↓,10.386205643233488,11.361828580709204,-14.457047114330202,17.453798767967147,8.070555790470372,15.15416207053248
7164,全国保証,2026-03-07,https://boutetsuya.livedoor.blog/archives/29643619.html,7164全国保証 2025,3135.0,1.8,13.3,3.67,分散枠,,なし,配当性向50%,3114.0,12.784825,1.702808,3.98,コロナからきれいな上昇トレンドを継続。 下は3000円が意識されそうだが、抜ける可能性もあり。 下に抜けると2650円まで。 若干高値圏で、上は3500円が少し重そう。 ↓↓書籍はこちらから↓↓,12.719282809119209,12.018015912429787,0.5152978502356964,79.05544147843942,10.123211212340486,13.9711567229911
7185,ヒロセ通商,2025-02-19,https://boutetsuya.livedoor.blog/archives/26942938.html,7185ヒロセ通商 2024,3985.0,1.28,8.3,1.2,監視銘柄,,100株 自社キャンペーン商品10000円相当,公表なし,3925.0,11.749739,1.0828781,0.99,利回り、PER両方から見ても若干高く、 通期進捗を考えると完全に割高圏内。 下は3000円、上は4500円まで。,11.247813521036672,11.53868747709028,4.462427102161515,69.19917864476386,10.116984399349809,13.079498287846587
7187,ジェイリース,2026-03-08,https://boutetsuya.livedoor.blog/archives/29652740.html,7187ジェイリース 2025,1360.0,3.57,10.6,3.68,分散枠,,1000株 株主優待ポイント5000P,配当性向40%,1360.0,9.861504,3.289967,4.49,業績堅調に関わらず株価は切り下げ中。 底はPER10倍ラインが堅そうで1270円まで。 上は少し1500円が重そうな気もするが、 抜ければ1800円までの可能性あり。 ↓↓書籍はこちらから↓↓,10.193850805267694,9.709149512184325,-3.2602675045621865,62.422997946611915,7.874220354630054,12.184466403963693
7189,西日本フィナンシャルホールディングス,2026-03-09,https://boutetsuya.livedoor.blog/archives/29655957.html,7189西日本フィナンシャルホールディングス 2025,3880.0,0.91,14.6,2.84,監視銘柄,,なし,総還元性向40%,4640.0,0.0161101,1.0095298,3.17,業績堅調を背景に25年は急騰相場。 4500円はさすがに高値圏で調整中。 下は3000円までで、上はしばらく4500円が意識されそう。,0.012051793870998253,0.009297309546038125,33.673876042368754,99.7946611909651,0.005052263422559541,0.0161101
7191,イントラスト,2026-03-10,https://boutetsuya.livedoor.blog/archives/29661546.html,7191イントラスト 2025,1157.0,3.41,16.7,3.03,分散枠,,100株 クオカード500円（１年）,配当性向60%,1140.0,14.649191,3.148545,4.38,長年叩かれた1100円を突破。 1200円で一旦ストップも、突破は時間の問題。 業績好調の増配銘柄で下値は1000円が堅そう。 上はPER20の1400円あたりまで。,14.009941442314425,11.989870218384196,4.562828191093216,90.55441478439425,8.331153264877802,15.31583422556088
7246,プレス工業,2026-03-12,https://boutetsuya.livedoor.blog/archives/29672403.html,7246プレス工業 2025,869.0,0.74,12.1,4.03,監視銘柄,,なし,総還元性向60% DOE3%以上を目指す,962.0,11.212121,0.7798712,5.19,１年で２倍近いほど株価は伸び、PER目線では割高圏内。 ただし還元性向の底上げやDOE設定により 利回り目線では若干の割安圏内。 800円以下は堅そうで、しばらくは1000円までのレンジか。,9.024785973212586,7.548030941025608,24.23697396569706,99.17864476386036,5.180195530342562,11.434582758475194
7278,エクセディ,2024-02-25,https://boutetsuya.livedoor.blog/archives/23616541.html,7278エクセディ 2023,2899.0,0.58,15.1,3.98,値上がり＆優待目的,,100株 カタログ3000円相当（１年）,公表なし,6060.0,19.906708,1.1497447,5.79,利回りが下支えとなり、下は2500円まで。 上はとりあえず3000円通過で3500円あたりまで。,18.25609423454531,15.446684782034128,9.041439774841308,95.48254620123203,8.631008743043845,20.49799635643564
7282,豊田合成,2026-03-14,https://boutetsuya.livedoor.blog/archives/29681421.html,7282豊田合成 2025,4460.0,0.88,9.9,2.47,監視銘柄,,なし,DOE2.5%下限,5182.0,10.500081,1.0450767,1.99,現在の株価は妥当な位置。 下は3500円までで、上は前回高値を超えるには もう少し要素がほしいところ。,8.564942149417998,6.867181091164398,22.59371770203371,97.74127310061603,4.378600152855776,11.270059923195676
7292,村上開明堂,2026-03-17,https://boutetsuya.livedoor.blog/archives/29698215.html,7292村上開明堂 2025,6320.0,0.8,12.6,3.32,監視銘柄,,なし,安定配当,6570.0,12.514047,0.796903,3.68,PER14.6、7300円で一旦の天井をつけ調整中。 まだ若干の割高圏内。 通期上振れ、増配は織り込み済みか…？ 上は前回高値の7300円、下は瞬間的に5000円まであり。,12.5777159871243,11.20845790723725,-0.5062046812750243,70.2258726899384,7.650494407397461,13.63212091004566
7296,エフ・シー・シー,2026-03-18,https://boutetsuya.livedoor.blog/archives/29702773.html,7296エフ・シー・シー 2025,3395.0,0.83,12.8,3.95,監視銘柄,,200株 新茶・みかん2500円相当（１年）,配当性向50%目安 総還元性向70%以上目標,4100.0,10.585562,0.9557936,4.28,記念配当上げを見事に吸収し当時より株価は上昇。 割高感もなく、3000円の節目は堅そうで掘っても2750円まで。 上も4000円の節目は意識されそうで、しばらくは この間で推移しそう。,8.685327334279462,7.719529854142519,21.878676445741373,99.38398357289527,4.936917306822301,10.869564882926829
7337,ひろぎん,2023-04-17,https://boutetsuya.livedoor.blog/archives/19140661.html,7337ひろぎん 2022,652.0,,,4.14,優待目的,,100株 ギフトカード500円,,2286.5,15.6910515,1.2001755,3.14,,11.931917687007141,9.803391267342489,31.504858746102826,99.38398357289527,6.1029477268966525,16.143974919637
7377,ＤＮホールディングス,2025-03-03,https://boutetsuya.livedoor.blog/archives/27047426.html,7377ＤＮホールディングス 2024,1856.0,1.12,8.7,3.77,監視銘柄,,なし,配当性向30%以上,1686.0,10.393293,0.80634665,4.44,上場間もなく予想が難しいが、PER推移や利回りを考えると 若干の割高圏内。 下は1400円、上は節目の2000円が重そう。,11.660644288494366,11.064219774560012,-10.868621468411222,25.256673511293638,8.72131952245225,14.112371008117893
7388,ＦＰパートナー,2026-03-21,https://boutetsuya.livedoor.blog/archives/29719258.html,7388ＦＰパートナー 2025,2331.0,4.52,24.1,4.03,分散枠,,100株 クオカード3000円（年２回）,配当性向45% 累進配当,2210.0,29.624666,4.6079583,4.36,金融庁検査により、株価予想は困難。 累進配当と優待の下支え大きく、これが維持できるかどうか。 会社は維持すると明確に表明しており、そうであれば超割安。,29.219840412395207,30.191490597682208,1.3854476338380772,48.04928131416838,25.303146051316705,38.584820363534675
7414,小野建,2024-03-02,https://boutetsuya.livedoor.blog/archives/23669876.html,7414小野建 2023,1789.0,0.49,6.7,4.53,監視銘柄,,なし,配当性向30%,1421.0,,0.37457883,4.88,前回高値の1800円超えに挑戦中。超えるかは微妙。 費用増により減益＆減配になると今が天井となりそう。 下は1400円くらいまで可能性あり。,,,,,,
7425,初穂商事,2026-03-23,https://boutetsuya.livedoor.blog/archives/29731138.html,7425初穂商事 2025,2336.0,0.76,8.8,3.42,監視銘柄,,なし,安定配当,1219.0,9.668465,0.16376121,3.4,25年は株価上昇の年となり、現在は若干の割高圏に突入。 2609円で大きく上髭を引いており、このあたりは意識されそう。 下は1800円くらいまで。,8.883578881943123,7.6022512077105455,8.835246790595242,88.29568788501027,5.216010134342435,10.846288668990976
7451,三菱食品,2025-03-06,https://boutetsuya.livedoor.blog/archives/27070755.html,7451三菱食品 2024,5030.0,1.02,9.6,3.68,分散枠,,なし,配当性向40%以上 累進配当,,,,,23年から安すぎた株価が評価されるがまだ割安圏内。 下は4700円程度、一時的には前回暴落時の4300円まで。 上はPER14で7300円ほどまでのんびり保有も◎,,,,,,
7456,松田産業,2026-03-24,https://boutetsuya.livedoor.blog/archives/29739393.html,7456松田産業 2025,6200.0,1.53,10.9,1.61,監視銘柄,,100株 クオカード2000円（１年）,DOE1.5%,6900.0,10.659169,1.422432,1.75,3800円を突破した株価は爆上げ。 3Qきっかけでさらに株価が急騰したが、さすがに上げ過ぎ。 8860円はしばらく意識されるラインへ。 まだ若干割高圏内で、下は5000円くらいまでありそう。,8.663213869815323,6.792307013411898,23.039430402833005,92.40246406570843,4.37916493699378,13.413244764340892
7466,ＳＰＫ,2026-03-25,https://boutetsuya.livedoor.blog/archives/29742142.html,7466ＳＰＫ 2025,2496.0,0.89,10.0,2.92,監視銘柄,,なし,累進配当,1369.0,10.270839,0.9366627,3.05,配当水準が上がりPERは若干切り上げ中。 それを考慮すると、現在は妥当な位置。 下は2200円あたりまでで、上はPER12となる3000円付近まで。,9.152695570750684,8.374455748048176,12.216547798471233,97.94661190965093,6.732120220293669,10.420887780131483
7467,萩原電気ホールディングス,2026-03-28,https://boutetsuya.livedoor.blog/archives/29759579.html,7467萩原電気ホールディングス 2025,3685.0,0.72,10.2,5.43,監視銘柄,,なし,配当性向30～40%,,,,,現役によりPER面では若干割高も、利回りが下支えし 3500円からは相当堅くなりそう。 上は来期予想次第。増益基調に戻れば4500まであり。,,,,,,
7483,ドウシシャ,2026-03-29,https://boutetsuya.livedoor.blog/archives/29765248.html,7483ドウシシャ 2025,3455.0,1.32,15.3,2.89,監視銘柄,,100株 そうめん2000円相当,配当性向50%目安,3005.0,12.423002,1.1331036,3.95,現在は割高圏内。前回高値の3755円はしばらく重そう。 下はとりあえず3000円、割れれば2750円あたりまでありそう。,12.614536033917334,10.659569564126526,-1.5183597193138665,75.564681724846,7.89736370076752,15.152442469136563
7504,高速,2026-03-30,https://boutetsuya.livedoor.blog/archives/29770491.html,7504高速 2025,3070.0,1.43,16.4,3.78,監視銘柄,,100株 クオカード500円,22期連続増配,4705.0,24.389612,2.1601574,2.55,配当倍増により過去PERは参考にならず。 利回りなどで考慮すると若干の割安な位置。 記念配が大規模だったため、来季配当維持するかどうかがカギ。 四季報予想は配当維持。 維持なら2600～3500円の間、剥落なら2000～2700円くらい。,15.917992978428805,13.973539744106494,53.220396773961845,99.38398357289527,9.25560519734844,24.596962580233793
7508,Ｇ－７ホールディングス,2026-04-01,https://boutetsuya.livedoor.blog/archives/29784322.html,7508Ｇ－７ホールディングス 2025,1333.0,1.67,10.2,5.25,監視銘柄,,なし,配当性向30%以上 累進配当,1410.0,12.93578,1.7973002,5.0,長らく1100円～1800円のレンジで推移。 現在は若干の割安圏内。 記念配による大幅増配でもレンジは抜け出せず、 配当剥落を織り込み済みか。 レンジを抜けるにはもう少し増益を重ねたいところ。,12.22694176793702,12.269011086184957,5.797346920566682,82.54620123203286,10.225098921197986,14.903909597154117
7525,リックス,2026-04-02,https://boutetsuya.livedoor.blog/archives/29792997.html,7525リックス 2025,3455.0,1.03,8.9,4.49,分散枠,,100株 クオカード1000円,配当性向40%もしくはDOE4.5%の高目取り,3675.0,9.360435,1.0329362,4.35,利回りの下支え強力で、3500円以下は堅く掘っても3200円まで。 上は4000円が意識される目先の天井だが、 来期予想次第では4500円を目指す可能性もあり。,8.931985432609984,7.9590599644434,4.79680100939015,93.01848049281314,6.008086814236886,9.848030411544364
7533,グリーンクロス,2024-03-12,https://boutetsuya.livedoor.blog/archives/23782399.html,7533グリーンクロス 2023,1171.0,1.0,9.7,2.82,監視銘柄,,100株 カレンダー,配当性向30%,,,,,コロナを除き17年から900-1200円のレンジ相場。 現在天井の1200円付近で、近いうちレンジを上抜けそう。,,,,,,
7539,アイナボホールディングス,2026-04-05,https://boutetsuya.livedoor.blog/archives/29807742.html,7539アイナボホールディングス 2025,814.0,0.71,11.8,3.19,分散枠,,100株 クオカード2000円,配当性向40% DOE2.6%,792.0,10.240497,0.6765941,3.31,PERは過去の水準で割高圏で推移中も、 中間優待の新設により総合利回りが大幅にアップ。 配当性向も引き上げで、増配余地もあることを考えると 現在の株価は妥当な位置といったところ。 下は740円まで、掘っても700円が鉄壁、上は900円あたりまで。,9.796753248765944,8.875936313918128,4.529498089481354,89.11704312114989,6.604188101815657,10.7562898674684
7552,ハピネット,2026-04-06,https://boutetsuya.livedoor.blog/archives/29812520.html,7552ハピネット 2025,2718.0,1.96,11.8,3.4,準主力,,100株 オリジナル玩具１品,配当性向40%,3315.0,14.579119,2.381746,2.76,3630円を天井に株価は調整中。 今の成長率を考えると、明らかに割安圏内。 来期予想発表でPERは下がり底を打ちそう。 2500円は堅く、来期中に前回高値突破も視野。,12.961160832700081,11.48307058106343,12.483126999071924,96.50924024640656,7.742924184680747,15.245928500407121
7570,橋本総業ホールディングス,2026-04-07,https://boutetsuya.livedoor.blog/archives/29819804.html,7570橋本総業ホールディングス 2025,1312.0,0.72,8.8,3.81,監視銘柄,,100株 クオカード1000円,増配志向,1396.0,9.6575575,0.7156515,3.77,現在の株価は妥当な位置。業績伸び悩み上昇の勢いはない。 配当は増配傾向であり、1100円のラインはかなり堅そう。 上は直近高値の1550円まで。,9.040098301817778,8.583286275961557,6.830226592315514,91.9917864476386,6.8329958484050675,10.292297761633144
7593,ＶＴホールディングス,2026-04-08,https://boutetsuya.livedoor.blog/archives/29825691.html,7593ＶＴホールディングス 2025,497.0,0.8,8.3,4.83,分散枠,,100株 自社優待券,配当性向40% DOE4%,513.0,12.361445,0.8407424,4.94,株価は長年心肺停止状態で上値重い。 ただ業績や利回り成長で期待値は高まっている。 下は460円が鉄壁。上は600円重いがそろそろ抜けるかも。 500円以下は明らかに割安。,11.78089391945646,11.357397566470732,4.927903472458439,88.7063655030801,10.049684186601546,13.50588205099065
7595,アルゴグラフィックス,2026-04-09,https://boutetsuya.livedoor.blog/archives/29831354.html,7595アルゴグラフィックス 2025,1486.0,2.22,5.4,5.38,分散枠,,100株 クオカード1000円（１年）,配当性向40%以上,1323.0,5.0199203,1.9224231,3.57,特益、特配の発生によりPERや利回りの指標が壊れ中。 おそらく次期配当は45円くらいと予想すると若干割安な位置。 1350円から下は堅く、上は前回高値超えも視野。,5.15508753165154,4.827325347040894,-2.6220162280782056,71.25256673511294,3.9505005314423873,6.210346926090965
7605,フジ・コーポレーション,2024-03-19,https://boutetsuya.livedoor.blog/archives/23852951.html,7605フジ・コーポレーション 2023,1746.0,1.27,8.1,2.29,監視銘柄,,なし,安定配当,,,,,好業績に関わらず中々評価されず直近急騰となったが それでもPERで見ると割安水準。1500円あたりは堅そう。 上はとりあえず直近高値の2170円が意識されそう。,,,,,,
7729,東京精密,2023-04-27,https://boutetsuya.livedoor.blog/archives/19291558.html,7729東京精密 2022,4950.0,,,4.4,値上がり目的,,なし,,18460.0,30.453001,3.9273262,1.68,,22.708086857502362,17.832811556748496,34.106414120654335,94.45585215605749,10.284432568747592,34.511201566630554
7781,平山ホールディングス,2026-04-11,https://boutetsuya.livedoor.blog/archives/29842669.html,7781平山ホールディングス 2025,1509.0,2.13,13.1,3.51,分散枠,,なし,配当性向40%以上,796.0,11.731762,2.184119,3.55,2Qから株価が一気に上昇したが、業績の進捗もよく 本来のPERはもう少し低めであり株価は妥当な位置。 下は1400円以下堅そうで、MAX1300円まで。 上は一旦1700円あたりまで。,9.700329117252853,8.38894003808088,20.941896488172485,98.15195071868584,6.065130437942352,12.30655938442211
7792,コラントッテ,2026-04-12,https://boutetsuya.livedoor.blog/archives/29850442.html,7792コラントッテ 2025,1410.0,2.46,9.9,3.13,分散枠,,100株 自社クーポン5000円 or 10000円（３年）,安定配当,1512.0,10.199676,2.4764962,2.98,1300円あたりはかなり堅そうで、1300円台ならかなり割安。 今期は宣伝費など積極投資で利益は抑えられそう。 1600円は何度も跳ね返されてる厚い天井で、 ここは業績が評価されれば難なく超えていきそう。,9.813141352718544,8.666830094627828,3.9389491436844892,95.07186858316223,6.025938604073661,10.631408317460318
7811,中本パックス,2026-04-13,https://boutetsuya.livedoor.blog/archives/29856071.html,7811中本パックス 2026,1870.0,0.79,7.6,3.96,分散枠,,100株 クオカード1000円,安定配当,1920.0,7.8370543,0.7997304,3.87,そこまでよい本決算ではなかったが、決算後株価は上昇。 1800円以下は堅く、PER、利回り両面から見て割安圏内。 上は2100円まで。今期中に超えるかは微妙なところ。,7.705625558650254,7.187023309673567,1.7056206579127986,79.87679671457906,6.001809753493519,8.262731337643357
7812,クレステック,2024-03-24,https://boutetsuya.livedoor.blog/archives/23901403.html,7812クレステック 2023,1840.0,0.82,6.5,4.67,監視銘柄,,なし,配当性向30%,2156.0,7.6868224,0.6687318,5.87,来季回復見込み前提で高配当が下支えとなりそう。 1720円のラインで利回り5%となり、底は1670円あたりを予想。 上は2050円あたりが重く、直近高値の2175円は強く意識されそう。,6.7832347157090105,6.072776580275915,13.320896624709277,96.09856262833677,4.620402559846793,7.808043161410017
7921,ＴＡＫＡＲＡ ＆ ＣＯＭＰＡＮＹ,2026-04-14,https://boutetsuya.livedoor.blog/archives/29862565.html,7921ＴＡＫＡＲＡ ＆ ＣＯＭＰＡＮＹ 2025,3660.0,1.55,15.2,3.28,監視銘柄,,なし,配当性向50%程度,4140.0,15.796101,1.6480078,4.31,PER20で天井という分かりやすい動きで4800円から調整中。 今後しばらくはここが意識されそう。 現在は若干割安な位置で、3500円から下は堅く最悪2800円まで。,14.827390049052687,12.940727845233408,6.533253308522791,83.77823408624229,9.176846627140298,17.7563055625
7932,ニッピ,2023-05-03,https://boutetsuya.livedoor.blog/archives/19379071.html,7932ニッピ 2022,3850.0,,,1.3,,,100株 自社製品３袋,,11530.0,11.609759,0.78526926,6.23,,12.245904217559364,9.254782157712768,-5.194759049700847,58.52156057494866,4.618442058211383,13.982402803873049
7970,信越ポリマー,2024-03-27,https://boutetsuya.livedoor.blog/archives/23937921.html,7970信越ポリマー 2023,1593.0,1.14,15.6,2.76,監視銘柄,,なし,28.3までに配当性向50%,2288.0,18.71881,1.4091984,2.9,現在の株価は高くも安くもといった感じ。 基本的に綺麗な上昇トレンドを築いてきている。 それを踏まえて上は1850円、下は1350円を予想。,16.83323663797282,14.658650417213277,11.201490257516244,92.1971252566735,10.172931828830427,20.780497115384616
7979,松風,2026-04-15,https://boutetsuya.livedoor.blog/archives/29866824.html,7979松風 2025,1783.0,1.39,13.5,2.97,分散枠,,100株 歯磨き粉など,配当性向40%以上、DOE3%以上,2290.0,16.716549,1.6771176,2.38,24年でピークをつけ、分割をきっかけに長く調整中。 今期の先行投資期間を考慮すると株価は割安圏。 1500円がかなり堅そうで、上は2100円あたりまで。 来期業績次第では2500円を取りに行く可能性も。,13.58198862130726,14.328599783289317,23.07880286230899,95.68788501026694,11.81922679259737,19.274103436592522
7994,オカムラ,2026-04-16,https://boutetsuya.livedoor.blog/archives/29871996.html,7994オカムラ 2025,2568.0,1.1,9.4,4.05,分散枠,,なし,配当性向40%,2328.0,9.826931,1.0788926,4.57,現在の株価は妥当な位置。 下は2000円まで、上は3000円のレンジでしばらく推移しそう。,9.867070088083535,9.007633633458589,-0.4067984490351506,79.87679671457906,6.966755102253602,11.418523791799434
8001,伊藤忠商事,2026-04-18,https://boutetsuya.livedoor.blog/archives/29881399.html,8001伊藤忠商事 2025,2011.0,2.23,15.6,2.09,監視銘柄,,なし,総還元性向40%以上で累進配当,2096.0,16.382679,2.164795,2.1,株価はPER、利回り両面から見て過去にない割高圏。 勢いも一旦止まりそうで、少なからず調整はありそう。 1600円までは普通にありそうで、最悪1200円まではあり。 上はさすがに直近高値の2300円超えが厳しそう。,14.80554103272837,12.980450047362318,10.652349439883956,96.50924024640656,9.201862025218178,17.553435742306075
8012,長瀬産業,2026-04-20,https://boutetsuya.livedoor.blog/archives/29892757.html,8012長瀬産業 2025,1192.0,1.19,15.4,2.1,監視銘柄,,400株 電子マネー1500円相当 or 3000円相当（３年）,24年度、25年度は総還元性向100%,1239.0,15.707404,1.1307458,2.23,現在の株価は割高圏。 ただし分割終えても勢い強く、さらに上昇の可能性あり。 その場合は青天井で、予想は難しい。 下は1000円が大きな節目で、850円が鉄壁ライン。,12.957988819813734,10.938589256720757,21.217915977687873,98.56262833675564,7.066377870233445,16.132099749798225
8014,蝶理,2025-04-03,https://boutetsuya.livedoor.blog/archives/27306274.html,8014蝶理 2024,2837.0,0.79,7.0,4.3,分散枠,,なし,配当性向30%かつDOE3.5%以上,4140.0,8.4964905,0.97812307,4.19,相場の調整にも巻き込まれ3000円割れ。割安水準。 利回りも下支えとなり2500円までには止まりそう。 上は前回高値の4200円を超えられるかは微妙なところ。,8.247593053350364,7.658784160338199,3.0178191993666337,86.44763860369609,5.00598356772859,9.458532621300739
8015,豊田通商,2026-04-22,https://boutetsuya.livedoor.blog/archives/29905150.html,8015豊田通商 2025,6177.0,2.17,18.1,1.88,監視銘柄,,なし,総還元性向40%以上、累進配当,7204.0,20.507273,2.6106584,1.69,１年足踏みした株価は一気に吹き上げて割高圏へ。 過去最大のPER20まで記録し、現在は勢い止まる。 上は直近高値の7250円が重く、下は現在6000円が意識され、 割れれば4000円までの下落は可能性あり。,15.940438227776498,11.775264133714991,28.64936777124303,98.35728952772074,5.895930362330139,21.236015627429207
8016,オンワードホールディングス,2023-05-10,https://boutetsuya.livedoor.blog/archives/19488951.html,8016オンワードホールディングス 2023,380.0,,,3.68,値上がり＆優待目的,,100株 自社商品20％割引券６回分,,768.0,10.343434,1.1061755,4.3,,9.610974592333582,8.333189674518428,7.621073187007288,93.83983572895276,6.237095686743101,11.084174716145833
8043,スターゼン,2026-04-23,https://boutetsuya.livedoor.blog/archives/29908716.html,8043スターゼン 2025,1140.0,0.7,8.1,3.77,分散枠,,200株 マックカード1000円,DOE3%,1390.0,9.529033,0.8297651,3.62,現在の株価は妥当な位置。 本決算悪そうだが、累進配当の下支え効き1000円以下は鉄壁。 上は1400円が当面の間重い天井となりそう。,8.294563526036194,7.445017729751356,14.882874428399662,99.58932238193019,5.580899712274389,9.583876355395683
8053,住友商事,2026-04-24,https://boutetsuya.livedoor.blog/archives/29914083.html,8053住友商事 2025,5781.0,1.52,12.1,2.42,監視銘柄,,なし,総還元性向40%以上 累進配当,1781.5,14.294312,1.7828354,2.24,6000円付近はまだ割高圏も、他の商社に比べれば比較的割安。 下は4500円くらいまで。上は7000円が意識されそう。,11.262475463852228,8.93522532949023,26.91980591548173,96.71457905544148,5.5807468763928965,15.44371429806343
8056,ＢＩＰＲＯＧＹ,2026-04-26,https://boutetsuya.livedoor.blog/archives/29923963.html,8056ＢＩＰＲＯＧＹ 2025,4746.0,2.69,15.8,2.53,分散枠,,なし,配当性向40%以上,4516.0,14.114705,2.436703,3.21,6600円まで上がった株価が半年かけて調整。 現在のPER16は過去の推移では割安圏内。 4000円の底は厚く、来期は再び直近高値更新を目指しそう。,16.086416993395375,15.54110060740231,-12.256999145334246,31.622176591375773,12.687641091096404,19.94164067484015
8058,三菱商事,2026-04-27,https://boutetsuya.livedoor.blog/archives/29927502.html,8058三菱商事 2025,4950.0,1.99,25.9,2.22,監視銘柄,,なし,40%の総還元性向で累進配当,4856.0,23.128214,1.8459407,2.58,5000円以上は高すぎるの一言。 足元は市況の悪化で業績も悪く、非常に割高に思える。 下に振れれば3500円まであり。上は当面6000円が重いと予想。,20.50071883964579,16.543872831563327,12.816600144151868,84.18891170431212,10.808896680478846,28.014858885502473
8065,佐藤商事,2026-04-29,https://boutetsuya.livedoor.blog/archives/29935798.html,8065佐藤商事 2025,2738.0,0.76,10.1,2.78,監視銘柄,,なし,配当性向30%以上 下限配当76円,3560.0,11.473138,0.95840293,3.2,約１年で倍以上に株価は成長。 割安局面だった株価は、若干の割高圏内に突入。 勢い保てば3000円突破も。下は2000円から堅くなりそう。,7.843527911656782,6.144121405673297,46.275223715963534,99.38398357289527,3.8659340152196306,11.58593570505618
8074,ユアサ商事,2026-04-29,https://boutetsuya.livedoor.blog/archives/29937555.html,8074ユアサ商事 2025,6050.0,1.11,10.6,3.14,監視銘柄,,なし,総還元性向33%以上かつDOE3.5%以上,5960.0,10.462564,1.0216793,3.91,PER11が過去の推移からも天井圏。 このあたりは勢いが必要で、7000円突破はもう少し先か。 下は5000円以下堅く、4500円までには止まりそう。,9.560550508805841,8.613826438595423,9.434744268788187,91.9917864476386,6.584995277029317,11.281625846054753
8084,ＲＹＯＤＥＮ,2024-04-11,https://boutetsuya.livedoor.blog/archives/24096405.html,8084ＲＹＯＤＥＮ 2023,2802.0,0.73,12.3,3.28,値上がり目的,,100株 クオカード2000円 or 3000円（３年）,配当性向40～60%,4455.0,18.252213,1.016096,2.82,昨年大きく株価を上げているが、指標的にはまだ割安水準。 上は3000円を超え、次の節目となる3500円に向かいそう。 下はまず2500円が機能しそうで、掘っても2200円ほどまで。,14.146911897438093,11.976724136278555,29.019061773512213,98.56262833675564,8.256563546010726,19.030646326599328
8098,稲畑産業,2026-04-30,https://boutetsuya.livedoor.blog/archives/29946296.html,8098稲畑産業 2025,3865.0,0.9,10.6,3.31,分散枠,,100株 クオカード500円 or 1000円or 2000円（半年、３年以上）,総還元性向50%、累進配当,4130.0,10.735638,0.9131156,3.48,PER12まで伸びたが、さすがに一旦調整。 現在のPER10もまだ割高圏内。 下は3000円まで、上は直近高値の4400円まで。,9.758766870406559,8.869969133301016,10.010190248071215,97.3305954825462,6.968619924992433,11.139714526842937
8117,中央自動車工業,2026-05-03,https://boutetsuya.livedoor.blog/archives/29959066.html,8117中央自動車工業 2025,1799.0,1.65,10.6,3.17,分散枠,,100株 カタログギフト2000円or 3000円（３年）,配当性向30%以上,2192.0,12.552973,1.9112457,2.96,現在の1800円は妥当な位置。 下は1400円、上は前回高値の2300円が意識されそう。 業績安定成長の企業で、長くきれいな上昇トレンド。,11.027845622505929,10.025004012501919,13.829785342492906,98.35728952772074,7.792545774270774,12.799311494162009
8159,立花エレテック,2026-05-05,https://boutetsuya.livedoor.blog/archives/29970834.html,8159立花エレテック 2025,2885.0,0.63,11.5,3.47,分散枠,,100株 クオカード2000円 or 3000円（３年）,総還元性向50%（26年３月まで）,4125.0,12.50341,0.8282403,2.83,3500円を突破できず再び調整中。 PERで見ると割高圏だが、業績の復調前提なら妥当な位置。 来期は下は2400円、上は3500円の範囲で推移しそう。,9.166396099933754,8.296320596847151,36.40486254014665,99.7946611909651,5.985606075619969,12.836834266666667
8165,千趣会,2025-04-19,https://boutetsuya.livedoor.blog/archives/27440016.html,8165千趣会 2024,266.0,0.83,3.0,0.0,分散枠,,100株 自社買物券2000円～3500円（～３年）,配当性向30％（今後の業績予想も考慮のうえ判断）,106.0,1.258459,0.28858772,,19年の217円が直近の底値で、下はこのあたりが意識されそう。 上はしばらくの間は400円が天井。,2.0852836901871328,2.6663328853395836,-39.65046550155168,0.0,1.258459,3.7397602358490567
8281,ゼビオホールディングス,2025-04-19,https://boutetsuya.livedoor.blog/archives/27444168.html,8281ゼビオホールディングス 2024,1295.0,0.43,17.9,2.32,分散枠,,100株 自社割引券（年２回）,安定的な配当の実施,1137.0,,0.39820614,3.08,コロナから上昇トレンドを形成。 下値も切りあがってきており1200円を固めたいところ。 上は来期次第では1500円突破も。,,,,,,
8282,ケーズホールディングス,2025-04-20,https://boutetsuya.livedoor.blog/archives/27455832.html,8282ケーズホールディングス 2024,1300.0,0.83,17.5,3.38,分散枠,,100株 自社商品券1000円 or 2000円（１年）,配当性向40% 総還元性向80% 下限配当44円,1927.0,21.129387,1.196355,2.47,長らく1000-1600円のレンジ。 そう考えると現在は高値圏で天井は1600円。 業績微妙も株主還元積極的なため、下は1200円まで。,18.527950846725595,16.843172243868935,14.040603706233124,92.81314168377823,13.309207698233385,23.448466060975612
8309,三井住友トラスト・ホールディングス,2026-05-06,https://boutetsuya.livedoor.blog/archives/29974920.html,8309三井住友トラスト・ホールディングス 2025,5328.0,1.12,11.7,3.47,監視銘柄,,なし,配当性向40% 累進配当,1705.0,12.906888,1.2809281,2.83,過去PERでは高めの位置で推移。 ４月上方修正も反応薄く、株価はそこそこ織り込み済み。 総合的に勘案すると、株価は妥当な位置。 下は4500円、上は6000円の節目が重そう。,9.562915167641176,8.081963650359745,34.96813235020739,98.97330595482546,5.421979949406331,13.022330839882699
8424,芙蓉総合リース,2026-05-07,https://boutetsuya.livedoor.blog/archives/29981719.html,8424芙蓉総合リース 2025,4295.0,0.81,22.8,3.68,分散枠,,300株 図書カード3000 or 5000円（２年）,配当性向32%を目指す（27.03),4457.0,18.661028,0.7866266,3.86,一過性損失の開示でも株価はそこまで下がらず。 4000円の壁は厚く、割っても3500円までには止まりそう。 上は来期予想次第になるが、5000円突破の可能性もあり。,17.851033957014515,16.533452637332452,4.53751891871339,96.09856262833677,13.750662362021163,19.222073041956474
8425,みずほリース,2026-05-10,https://boutetsuya.livedoor.blog/archives/29997624.html,8425みずほリース 2025,1401.0,0.95,8.7,3.57,分散枠,,なし,配当性向30%,1358.0,7.9882355,0.84386086,3.86,１年かけて大きく上昇した株価は、若干の調整を受け 現在は妥当な位置といったところ。 下は1200円が堅そう。上は来期中に1600円突破も視野。,7.852339435072024,6.82006924657558,1.73064430099652,79.05544147843942,5.219548617980328,8.905437384852458
8439,東京センチュリー,2026-05-11,https://boutetsuya.livedoor.blog/archives/30002934.html,8439東京センチュリー 2026,2250.0,0.98,8.9,4.0,監視銘柄,,なし,配当性向35%以上、累進配当,2523.5,11.113313,1.0626494,3.61,業績絶好調で、大きく株価を上げてきたが まだどちらかといえば割安圏内。 2000円がかなり堅くなりそうで、2400円突破で青天井モード突入。,9.284581398563377,7.895218060207907,19.69643565965813,95.68788501026694,5.44257690974614,12.000704547255795
8566,リコーリース,2026-05-12,https://boutetsuya.livedoor.blog/archives/30006320.html,8566リコーリース 2026,6210.0,0.79,16.1,4.12,監視銘柄,,100株 クオカード2000円 or 4000円 or 5000円（１年、３年以上）,配当性向40% 30年３月までに配当性向50%,6680.0,16.046505,0.85387194,2.8,金利上昇局面であることと、還元方針の変更を加味し 総合的な判断で現株価は割高圏内と予想。 ただし利回りの下支えは強力で、5500円ラインは堅い。 5500円～7000円までの狭いレンジ推移となりそう。,14.26907657944089,13.102625501084706,12.456506282404112,97.74127310061603,11.108130873763946,16.478895853293412
8570,イオンフィナンシャルサービス,2025-04-27,https://boutetsuya.livedoor.blog/archives/27512141.html,8570イオンフィナンシャルサービス 2025,1158.0,0.54,11.9,4.58,監視銘柄,,なし（200株でイオンラウンジ入室可）,配当性向30～40%,1628.5,16.668373,0.7372829,3.27,1050-1500円のレンジ内で推移。 売上は伸びているが中々利益が伸びてこず。 利益が乗ってくるまではこの範囲での推移か。,15.928479176657198,14.17939353230848,4.645100232965715,89.5277207392197,10.93084576380875,18.61240587355232
8584,ジャックス,2024-04-29,https://boutetsuya.livedoor.blog/archives/24281913.html,8584ジャックス 2023,5670.0,0.89,8.6,3.7,値上がり目的,,なし,配当性向35%,3775.0,9.940489,0.56383693,5.32,株価は上がり続けているが、業績を伴っており割高感はなし。 5000円は何度も跳ね返す強烈な壁となっている。 上は次期増配発表なら6000円を超え6500円に向かうと予想。,10.452717892288204,10.005720539034563,-4.900437355782039,52.15605749486652,7.949872390765858,11.385184887480598
8591,オリックス,2026-05-13,https://boutetsuya.livedoor.blog/archives/30012205.html,8591オリックス 2026,6018.0,1.48,12.5,3.11,監視銘柄,,なし,配当性向39% 累進配当,6351.0,11.28866,1.5565253,2.7,割高圏内。ただこれだけ急騰しても、商社のような割高感はない。 割高圏は間違いないが、勢い続くうちはどこまで伸びるか。 現段階で上の予想は難しい。 下はPER10となる4800円までの下落はありそう。,8.675203999077063,7.06592000701246,30.125585533216025,95.27720739219713,4.49768009528596,11.861002705085813
8593,三菱ＨＣキャピタル,2026-05-14,https://boutetsuya.livedoor.blog/archives/30019277.html,8593三菱ＨＣキャピタル 2025,1433.0,1.07,12.9,3.14,監視銘柄,,なし,配当性向45%以上,1409.5,14.857173,1.006396,3.75,決算を前に株価は高値圏を推移。 ある程度の良決算を織り込んでいそう。 下は1200円で一旦止まりそうで、最悪1100円まで。 上は決算次第で1600円突破も。,13.871408022536876,12.121898331523631,7.106452177468592,86.44763860369609,9.21947971046459,16.00084328769067
8804,東京建物,2026-05-16,https://boutetsuya.livedoor.blog/archives/30030117.html,8804東京建物 2025,3345.0,1.17,11.0,3.65,監視銘柄,,なし,配当性向40%（27年12月期までに）,3378.0,11.376419,1.1530045,3.89,1Q発表のタイミングで更に調整。 ただし不動産ゆえの偏重で、巻き返せば再評価も。 現在は妥当な位置。下は2800円まで。 上は4000円が一旦の節目となるが、突破の可能性もあり。,11.154048501128612,9.549714458630675,1.9936303741989958,76.18069815195072,6.930489254204885,14.459926772500834
8850,スターツコーポレーション,2026-05-17,https://boutetsuya.livedoor.blog/archives/30033039.html,8850スターツコーポレーション 2026,4855.0,1.22,8.8,3.09,監視銘柄,,100株 各種割引券一式（年２回）,安定配当,4680.0,8.884164,1.1738847,3.19,２年ほどで株価を上げてきたが、まだ妥当な位置。 今期は4500円～5500円までのレンジとなりそう。 急落巻き込まれれば4000円までの下落はあり。,9.071719015518243,8.086122601565801,-2.0674694090216827,62.01232032854209,5.724099259088917,9.982215614978966
8869,明和地所,2023-06-05,https://boutetsuya.livedoor.blog/archives/19907148.html,8869明和地所 2023,903.0,0.71,5.6,5.54,監視銘柄,,600株～ 株主優待ポイント,配当性向30%,840.0,5.147374,0.53386956,4.85,,6.019334569319801,5.817860760598831,-14.48599607279072,12.525667351129362,4.724553992857143,7.146771781313942
8877,エスリード,2026-05-18,https://boutetsuya.livedoor.blog/archives/30037347.html,8877エスリード 2026,5170.0,0.98,6.9,4.64,分散枠,,100株 カタログギフト3000円相当,公表なし,5180.0,7.151634,0.9641235,4.72,金利上昇により株価は調整中。 ただ堅い会社ゆえ、業績が極端に悪くなるとは考えづらく、 今の株価は割安圏内と思われる。 5000円以下は堅く、しばらくは前回高値の7500円が天井か。,7.969469860046917,6.905312314992656,-10.262111212026126,65.50308008213553,4.846627085769901,10.18894279674831
8890,レーサム,2024-05-04,https://boutetsuya.livedoor.blog/archives/24332196.html,8890レーサム 2023,3685.0,1.83,9.6,4.75,値上がり目的,,なし,配当性向40% 配当下限175円,,,,,利回りが高く3500円がかなり下支えの線となりそう。 上は間もなく発表の決算次第といったところ。 利回りが高いため、上に振れる公算が高そう。,,,,,,
8892,エスコン,2026-05-19,https://boutetsuya.livedoor.blog/archives/30044916.html,8892エスコン 2026,1150.0,1.27,7.9,4.61,監視銘柄,,1000株 クオカード1000円 or 3000円（２年）,累進配当,1092.0,8.578161,1.2711406,4.87,23年からはきれいな上昇トレンド。 利回りの下支えあり、現在は若干の割安圏内。 下は1050円が鉄壁。上は前回高値の1267円が意識されるが、 超えれば1400円くらいまでの上昇はあり。,8.350143153719355,7.86082063413103,2.7307058344153035,79.46611909650923,6.643583105746593,9.426550549450548
8893,新日本建物,2023-06-11,https://boutetsuya.livedoor.blog/archives/20004095.html,8893新日本建物 2023,502.0,1.1,5.9,5.98,値上がり目的,,なし,配当性向30%以上,,,,,,,,,,,
8905,イオンモール,2024-05-08,https://boutetsuya.livedoor.blog/archives/24370817.html,8905イオンモール 2024,1799.0,0.88,24.8,2.78,優待目的,,100株 イオンギフトカード3000円,配当性向30%以上,,,,,業績回復により株価の戻しに期待も、とりあえず2000円目標。 下は1700円がそこそこ堅く、割っても1600円まで。,,,,,,
8908,毎日コムネット,2026-05-20,https://boutetsuya.livedoor.blog/archives/30049692.html,8908毎日コムネット 2025,911.0,1.21,8.4,4.17,監視銘柄,,価値なし,35%以上,861.0,7.9552803,1.0547851,4.53,長かった900円の壁を明確に突破しようとしており、 飛び出せば1000円が１つめの天井。超えれば1100円まで。 下は850円あたりは鉄壁で、900円も踏み固めそう。,7.6350034203357104,7.006137005572311,4.1948491969399315,85.01026694045176,5.90944088175723,8.451680577304556
8923,トーセイ,2026-05-21,https://boutetsuya.livedoor.blog/archives/30056298.html,8923トーセイ 2025,1567.0,1.4,10.0,3.51,分散枠,,200株 宿泊券3000円 クオカード1000～3000円（１～５年）,配当性向35%,1753.0,10.510222,1.5293455,3.16,株価はまぁ妥当な位置。。金利上昇にも株価は耐えている感じ。 下は1400円以下は堅く、1300円まで。 上は1800円が重く、超えると瞬間的に2000円まであり。,9.83659604044132,8.469268979858446,6.8481612621804855,94.8665297741273,6.044914086215693,11.175729496862523
8928,穴吹興産,2025-05-09,https://boutetsuya.livedoor.blog/archives/27630704.html,8928穴吹興産 2025,2173.0,0.53,6.6,2.67,監視銘柄,,100株 カタログ3000相当,継続的な利益配当,2334.0,4.62041,0.51470846,3.11,下は1900円、上は2450円のボックスで推移。 業績、配当変わらずで上抜けはまだ先か。,4.53729431579528,4.201111726902054,1.831833652830861,84.18891170431212,3.639494099324544,5.661799944768152
8929,青山財産ネットワークス,2026-05-25,https://boutetsuya.livedoor.blog/archives/30078278.html,8929青山財産ネットワークス 2025,1362.0,2.83,12.3,4.26,監視銘柄,,1000株 クオカード3000円,配当性向50% DOE10% 累進配当,1269.0,11.657174,2.6353006,5.74,株価はかなり調整され、税制改正の中でも ちゃんと利益を出せていることを考慮すれば 現在の株価は割安圏内ともいえる。 1200円は堅そうなラインで、正常化されれば2000円突破も。,14.211737419146711,14.622051155487584,-17.975025458217974,13.75770020533881,10.938613171273786,19.239182234946778
8931,和田興産,2025-05-12,https://boutetsuya.livedoor.blog/archives/27653586.html,8931和田興産 2025,1403.0,0.47,6.1,4.99,監視銘柄,,なし,配当性向30%,1400.0,5.846732,0.43920425,5.01,２度1200円まで下髭で下げており、このラインは堅そう。 PERがあまり動かない銘柄であり、今期の予想では 高値の大幅突破は難しそう。上方修正しだい。,6.404923968954588,5.981644139459697,-8.715044419890216,54.82546201232032,4.85561691988072,7.404468454285715
8934,サンフロンティア不動産,2026-05-26,https://boutetsuya.livedoor.blog/archives/30084316.html,8934サンフロンティア不動産 2026,2363.0,1.13,7.8,3.39,分散枠,,500株 自社ホテル優待券10000円 or 20000円（３年）,安定配当,2452.0,8.437715,1.0349511,3.24,割高局面に突入した株価は一旦調整。 現在は妥当な位置に。 下は2000円まで、上は2800円を今期超えるかは微妙。,8.359422894782298,7.3691344915887775,0.9365730888740043,81.93018480492813,5.3915982398324696,9.824500948205547
8999,グランディハウス,2024-05-16,https://boutetsuya.livedoor.blog/archives/24451317.html,8999グランディハウス 2024,580.0,0.66,27.4,5.52,監視銘柄,,なし,DOE3.5%、配当性向100%以下、下限配当32円,564.0,17.769377,0.6608572,5.8,利回り高いが減益が激しいためPER高め。 業績の回復無い間は630円まで。 下は500円くらいまでは覚悟。,17.464213499109174,16.768962398969883,1.7473646947020471,85.42094455852155,14.661639383551954,19.519051559763373
9027,ロジネットジャパン,2025-05-14,https://boutetsuya.livedoor.blog/archives/27670941.html,9027ロジネットジャパン 2024,3260.0,0.83,7.7,4.14,監視銘柄,,100株 ミネラルウォーター24本,配当性向35%以上,,,,,コロナからは2500円～3600円のレンジ内で推移。 配当性向引き上げで底値は引きあがるが、 高値突破はもう少し先か。,,,,,,
9029,ヒガシホールディングス,2026-05-27,https://boutetsuya.livedoor.blog/archives/30091811.html,9029ヒガシホールディングス 2026,1960.0,1.59,9.5,3.16,監視銘柄,,500株 クオカード1000円 or 2000円（１年）,配当性向30%以上,1957.0,9.823804,1.5676831,3.17,PER推移は変わらず増益により株価を上げている理想形。 株価上昇しているがまだ割安。 下は1750円あたりまで、上はPER12の2400円まで。,9.191173158835083,7.577889228759195,6.883026031957584,91.78644763860369,4.649214911593025,10.626976529381707
9035,第一交通産業,2025-05-16,https://boutetsuya.livedoor.blog/archives/27686577.html,9035第一交通産業 2025,745.0,0.58,11.6,3.36,分散枠,,100株 自社優待券1000円（年２回）,安定配当,,,,,業績横ばいゆえボックス相場。 総合利回り高いため、680円は底堅い。 上はコロナ以降900円超えられず、しばらくここが天井。,,,,,,
9037,ハマキョウレックス,2026-05-28,https://boutetsuya.livedoor.blog/archives/30101447.html,9037ハマキョウレックス 2026,1886.0,1.43,12.9,2.44,監視銘柄,,なし,配当性向30%,1859.0,12.840172,1.3868569,2.49,株価は利回り、PER目線両面とも割高圏内。 PER14付近は過去も天井ラインで2000円天井は重そう。 下は1400円前後まであり。,11.939473745103982,10.308917871910536,7.5438689688091864,92.1971252566735,7.275497260897681,13.37257413422954
9057,遠州トラック,2026-05-31,https://boutetsuya.livedoor.blog/archives/30114288.html,9057遠州トラック 2026,3180.0,0.96,11.3,3.02,監視銘柄,,500株 クオカード2000円,配当性向30%,3255.0,10.769231,0.9771187,3.04,昨年伸び続けた株価も現在は一旦調整中。 ただ、まだ割高圏。現在は3500円が少し重そう。 3500円を抜けても、前回高値の3880円が完全に天井。 下は3000円が一旦の節目で、抜けると2500円まであり。,10.871452098249806,9.709473435701947,-0.940270879418792,78.85010266940452,7.468248551007839,12.43258433640838
9059,カンダホールディングス,2026-05-31,https://boutetsuya.livedoor.blog/archives/30118314.html,9059カンダホールディングス 2026,880.0,0.67,7.4,2.95,分散枠,,100株 図書カード1000円,安定配当,909.0,7.930553,0.693339,2.86,現在の株価はやや割安な位置。 下は800円が鉄壁で、上は1000円が意識されそうな節目。 突破すれば1100円までの上昇はあり。,7.568607976659937,7.108107064366982,4.782187483566713,94.8665297741273,6.0601785396259835,8.149773683796932
9068,丸全昭和運輸,2026-06-01,https://boutetsuya.livedoor.blog/archives/30125812.html,9068丸全昭和運輸 2026,7560.0,1.03,11.2,2.78,監視銘柄,,なし,３年ベースで35%以上,7290.0,11.201598,0.98944604,1.55,9610円の高値をつけたあと調整中。 現在は若干割高圏内といったところ。 下は一旦6700円まで、抜けても6000円で止まりそう。 上は前回高値の9610円が意識されそう。,11.78453892282921,10.36844639470268,-4.9466587250174605,65.70841889117042,6.802252225878906,14.470673971317998
9069,センコーグループホールディングス,2026-06-02,https://boutetsuya.livedoor.blog/archives/30128697.html,9069センコーグループホールディングス 2026,1891.0,1.39,13.5,2.96,監視銘柄,,なし,配当性向40%（27年３月までに）,2261.5,19.954998,1.6640104,2.48,高値で何度か跳ね返され、2100円あたりは重そう。 下は1700円あたりまでの調整はありそう。,17.244633003822557,15.257438521328462,15.71715092792434,99.38398357289527,9.514890984585836,19.95940989431793
9070,トナミホールディングス,2024-05-29,https://boutetsuya.livedoor.blog/archives/24578416.html,9070トナミホールディングス 2024,4930.0,0.48,9.3,3.25,監視銘柄,,なし,配当性向30%,,,,,利益停滞のマイナス要因と配当性向切り上げのプラス要因で 上値、下値の振れ幅は少なそう。 上は通期予想通りなら6000円目指して超える可能性も。 下は4400円あたり。,,,,,,
9090,ＡＺ－ＣＯＭ丸和ホールディングス,2026-06-03,https://boutetsuya.livedoor.blog/archives/30142464.html,9090ＡＺ－ＣＯＭ丸和ホールディングス 2026,779.0,1.68,12.6,4.11,監視銘柄,,なし,配当性向40% 累進配当,864.0,16.558067,1.8967292,3.8,底を割って切り下げる嫌なチャートだが 利回りの下支えが効きそうでそろそろ底打ちか。 下は700円、上はとりあえず1000円が重し。,18.22580137532311,19.482683249113716,-9.150403545937591,10.677618069815194,14.315828760416668,24.510975343719625
9161,ＩＤ＆Ｅホールディングス,2024-05-31,https://boutetsuya.livedoor.blog/archives/24600093.html,9161ＩＤ＆Ｅホールディングス 2023,4335.0,0.73,9.2,2.88,値上がり目的,,なし,配当性向30%,,,,,今年に入って株価が大きく上がり、割安感はなし。 4000円では強く跳ね返しており、しばらく堅そう。 上はとりあえず前回高値までで、5000円突破は決算次第か。,,,,,,
9220,エフビー介護サービス,2026-06-04,https://boutetsuya.livedoor.blog/archives/30149326.html,9220エフビー介護サービス 2026,1216.0,0.76,5.8,3.54,分散枠,,なし,配当性向25%,1224.0,6.528,0.75929767,4.02,現在は割安圏内。 1200円がすでに堅そうで、下がっても1100円まで。 上は1300円抜ければ1500円まで可能性あり。,6.372053564186305,5.612241734310832,2.447349731806736,85.21560574948666,4.3780615234375,6.858666666666666
9260,西本Wismettacホールディングス,2024-06-03,https://boutetsuya.livedoor.blog/archives/24628336.html,9260西本Wismettacホールディングス 2023,4150.0,0.71,7.4,4.1,準主力,,100株 自社商品3000円相当,配当性向30%,,,,,下方修正を受け大幅下落も、一時費用ゆえリバりそう。 かなり底値ぽく、下は4000円は堅そう。 上はPER10でも5600円であり、水平線が引ける6250円を予想。,,,,,,
9304,澁澤倉庫,2026-06-07,https://boutetsuya.livedoor.blog/archives/30167009.html,9304澁澤倉庫 2026,1396.0,1.16,12.2,5.01,監視銘柄,,なし,配当性向50%以上 累進配当,1891.0,16.936855,1.574697,4.24,配当方針の変更を受け株価は上抜け。 累進配当であり、利回り5%ラインの1400円以下は堅い。 営業益推移はいまいちで、上も1500円が少し重そう。,11.838972478953114,9.449966338936589,43.06017714045467,98.35728952772074,5.570205708794879,19.131212205182443
9324,安田倉庫,2026-06-08,https://boutetsuya.livedoor.blog/archives/30175058.html,9324安田倉庫 2026,2233.0,0.59,10.4,3.31,監視銘柄,,100株 クオカード1000円 or 1500円（３年）,配当性向30%以上 累進配当,2510.0,10.803598,0.6912995,2.95,現在のPERは特益多くあまり参考にならず。 PERや利回りで見ると割安感ないが、PBRはまだまだ割安。 下は2000円に節目があり、割れると1700円まであり。 上は前回高値の2667円が当面意識されそう。,9.737154791695238,8.488029084158173,10.95230825758593,95.89322381930184,5.985999976399188,11.32871312191235
9325,ファイズホールディングス,2026-06-09,https://boutetsuya.livedoor.blog/archives/30178808.html,9325ファイズホールディングス 2026,1172.0,2.71,9.0,3.24,監視銘柄,,100株 amazonギフト1000円 or 2000円（３年）,配当性向30%目安,1082.0,11.358387,2.474042,3.52,来期業績通りなら株価は割安圏内。 前期は下方修正で終わっており、信憑性が問われるところ。 現在の1150円以下から堅くなり1000円が最下層。 上は今期中の1400円突破は微妙なところ。,12.070183740084248,10.965524512740142,-5.8971491686611195,49.07597535934292,8.234657708273897,14.161242202402958
9332,ＮＩＳＳＯホールディングス,2026-06-10,https://boutetsuya.livedoor.blog/archives/30187217.html,9332ＮＩＳＳＯホールディングス 2026,569.0,1.04,9.1,4.39,監視銘柄,,300株 プレミアム優待3000P,配当性向30%以上目安,638.0,11.300035,1.1691535,3.95,現在の株価は割安圏内。 業績若干の心配があるも、配当の下支えは強力。 下は550円からは堅そうだがチャートは悪い。 上は700円あたりから重く、当面800円が天井。,11.100647267818045,11.672106703861155,1.7961811358514268,46.81724845995893,9.971660979623824,13.842798863743509
9340,アソインターナショナル,2026-06-11,https://boutetsuya.livedoor.blog/archives/30189615.html,9340アソインターナショナル 2025,667.0,2.13,13.0,3.9,主力,,なし,配当性向50%,700.0,14.736842,2.1184645,3.94,現株価は激安水準。下は650円まで。 上は本決算によるが、800円を目指していく流れ。,14.360798238319857,13.272283303149992,2.6185435895667686,85.62628336755647,9.938064022352643,15.468729330298547
9368,キムラユニティー,2026-06-14,https://boutetsuya.livedoor.blog/archives/30210661.html,9368キムラユニティー 2026,859.0,0.8,9.2,4.42,分散枠,,200株 おこめ券２枚（年２回）,配当性向40%,920.0,11.811529,0.85038096,4.11,現在は総合利回り的に割安圏内。 底は800円以下堅そうで、上は1100円まで。,11.230003115484937,10.308164741395746,5.178323447775379,96.09856262833677,8.476366384474845,12.3891704478503
9433,ＫＤＤＩ,2026-06-16,https://boutetsuya.livedoor.blog/archives/30222271.html,9433ＫＤＤＩ 2026,2708.0,2.03,14.7,3.1,監視銘柄,,200株 自社特典2000円 or 3000円（５年）,配当性向40% 連続増配を目指す,2833.0,15.424402,2.1244845,2.97,コロナ後からきれいな上昇トレンドを形成。 2500円が下の壁として機能。割れると2300円まであり。 上は2800円が重しになっているが突破なら3000円が天井。,14.260059352938406,13.529386291946386,8.165061717093568,96.30390143737166,11.61774771787978,16.921652458877514
9436,沖縄セルラー電話,2026-06-17,https://boutetsuya.livedoor.blog/archives/30229868.html,9436沖縄セルラー電話 2026,3660.0,3.4,25.4,1.91,監視銘柄,,100株 自社関連特典2000円 or 3000円（５年）,配当性向40%以上,4070.0,28.633741,3.7803774,1.7,業績好調で積極的な株主還元もあり株価はうなぎのぼり。 PER、利回りの両目線でかなりの割高圏内。 下落となれば最大2500円までの下振れあり。 上は4000円が節目で、突破はさすがに厳しいか。,22.07857535836465,18.567126677324246,29.69016585190074,98.76796714579056,13.35993768162494,29.091036617936123
9600,アイネット,2025-06-01,https://boutetsuya.livedoor.blog/archives/27809766.html,9600アイネット 2025,1874.0,1.48,15.5,3.09,監視銘柄,,100株 クオカードペイ500円（年２回）,総還元性向40%以上 累進配当,,,,,高値圏だった株価は24年８月の下落で大きく調整。 現在は妥当な位置まで回復。 下は1500円、上は2200円あたりまで。,,,,,,
9619,イチネンホールディングス,2026-06-22,https://boutetsuya.livedoor.blog/archives/30270547.html,9619イチネンホールディングス 2026,2202.0,0.73,7.5,3.63,監視銘柄,,なし,配当性向20～30%,2601.0,8.040434,0.8608546,3.44,現在の株価は妥当な位置。 下に振れれば1900円からは堅くなりそう。 上は2200円ラインを突破すれば2500円あたりまで。,6.414406168917992,5.758226926277227,25.34962377283152,99.58932238193019,4.270829626493847,8.07752942791234
9621,建設技術研究所,2026-06-23,https://boutetsuya.livedoor.blog/archives/30288241.html,9621建設技術研究所 2025,2775.0,1.12,10.8,2.81,監視銘柄,,なし,配当性向30%以上 DOE3%,3190.0,14.882201,1.2806287,6.91,現在の株価は妥当な位置といった感じ。 下は2300円まで。上は3000円から重くなりそう。,13.692624613087144,12.446518985236045,8.687716347499098,96.50924024640656,9.625197076458722,16.65500237304075
9639,三協フロンティア,2024-06-14,https://boutetsuya.livedoor.blog/archives/24732025.html,9639三協フロンティア 2023,4230.0,1.05,9.2,3.78,監視銘柄,,価値なし,株主還元重視の経営姿勢,2330.0,9.311806,0.98601216,4.29,下は利回り4%の4000円、PBR１倍付近の3800円あたり。 上は直近高値の5790円までは遠そう。5300円まで。,8.426954071502596,8.006270623230376,10.500258112117944,98.97330595482546,7.1048998406292965,9.45168291416309
9682,ＤＴＳ,2026-06-24,https://boutetsuya.livedoor.blog/archives/30314271.html,9682ＤＴＳ 2026,977.0,2.43,13.2,3.89,分散枠,,なし,配当性向50%以上 総還元性向70%以上,1089.0,14.921896,2.883027,3.62,現在は割安圏内に突入。900円以下はかなり堅そう。 上は1200円が最初の節目。超えても前回高値の1362円まで。,15.590270606417983,14.881238498826386,-4.287126396272011,56.46817248459959,11.721317202345723,18.217215608566132
9687,ＫＳＫ,2026-06-25,https://boutetsuya.livedoor.blog/archives/30320282.html,9687ＫＳＫ 2026,4335.0,1.43,11.4,4.38,監視銘柄,,なし,配当性向50%（2027年３月までに）,4400.0,12.5,1.467961,4.32,現在の株価は妥当な位置。 配当性向切り上げにより過去PERより若干上で評価。 下は3900円から堅く、上は5100円が節目。 ただ業績堅調で、上は最大6000円まであり。,12.792659753836393,10.70435521672505,-2.2877162331205403,80.49281314168378,7.04993369362571,15.647993607954545
9698,クレオ,2025-06-09,https://boutetsuya.livedoor.blog/archives/27862507.html,9698クレオ 2025,1101.0,1.2,11.1,4.63,開始銘柄,,なし,配当性向40%,1255.0,12.024528,1.3191905,4.49,業績の伸びはいまいちだが、株価は割安水準。 記念配の維持もあり下値は1000円が堅そう。 上は1500円あたりが色々引っかかって天井となりそう。,11.22126202612773,10.607169205375797,7.15842809838978,96.91991786447639,9.108056333686347,12.340710807968128
9699,ニシオホールディングス,2026-06-27,https://boutetsuya.livedoor.blog/archives/30329258.html,9699ニシオホールディングス 2025,3840.0,0.74,8.7,3.44,監視銘柄,,なし,配当性向30%,4460.0,10.740518,0.8547588,2.96,決算の悪さも加味すると現在の株価は妥当な位置。 下は3300円あたりまで。上も4500円突破は厳しそう。,10.348138839373734,9.866456740012266,3.7917848486270778,86.44763860369609,8.275147991845811,11.715834096412555
9702,アイ・エス・ビー,2026-06-28,https://boutetsuya.livedoor.blog/archives/30334820.html,9702アイ・エス・ビー 2025,2290.0,1.8,14.2,3.06,監視銘柄,,なし,配当性向50%以上 DOE4%下限,2435.0,16.686083,1.8746141,2.84,現在の株価は妥当な位置。 下は1900円から堅く、1700円までには止まりそう。 上は現在高値切り上げ中で、勢い続けば3000円まであり。,13.24279727920396,11.13299773798667,26.00119633488054,99.58932238193019,7.602693768073174,16.89166102464066
9753,アイエックス・ナレッジ,2026-06-29,https://boutetsuya.livedoor.blog/archives/30342199.html,9753アイエックス・ナレッジ 2026,1305.0,1.08,7.7,3.83,分散枠,,なし,安定配当,1337.0,7.4617705,1.1050766,3.83,現在の株価は割安圏内。 PER８以下は堅く、1200円は鉄壁ライン。 上は1600円の節目が意識されそうで、超えれば1850円まで。,7.420546566874849,6.430190116829078,0.555537691915764,80.49281314168378,4.964611264680279,8.451934623266045
9780,ハリマビステム,2026-06-30,https://boutetsuya.livedoor.blog/archives/30348841.html,9780ハリマビステム 2026,894.0,0.8,8.0,4.03,監視銘柄,,なし,配当性向35%以上,991.0,8.783125,0.8866319,3.81,現在の株価は妥当な位置。 下は800円が最初の節目。瞬間的には割れる可能性も。 上はPER10ラインの1100円あたりが天井か。,7.94072881728078,7.086109974204976,10.608549946775403,97.94661190965093,5.433026845568244,9.072441267673712
9782,ディーエムエス,2023-07-24,https://boutetsuya.livedoor.blog/archives/20895806.html,9782ディーエムエス 2023,1430.0,0.55,4.7,3.5,監視銘柄,,なし,段階的に30%を目指す,3455.0,17.235357,1.3954324,6.79,,16.26656307159046,13.104488976978764,5.955738308982661,87.26899383983573,6.441191102752359,19.68838788571569
9787,イオンディライト,2024-06-20,https://boutetsuya.livedoor.blog/archives/24790406.html,9787イオンディライト 2024,3880.0,1.82,18.1,2.24,監視銘柄,,100株 イオンギフトカード2000円＆イオンラウンジ利用可,公表なし 19期連続増配中,,,,,PER20のラインは高値圏の過去があり、4200円より上は 上値が重そう。下は3500円を割ったあたりから重くなり、 最悪3000円まで。,,,,,,
9791,ビゲンテクノ,2023-07-30,https://boutetsuya.livedoor.blog/archives/20990796.html,9791ビゲンテクノ 2023,1136.0,0.44,5.0,2.46,監視銘柄,,1000株 3000相当の商品,安定配当,1176.0,6.2390575,0.38789105,2.95,,6.723726878466405,5.7611438610488355,-7.208344229725039,59.95893223819302,4.466747407056848,7.628808744568858
9799,旭情報サービス,2026-07-01,https://boutetsuya.livedoor.blog/archives/30356035.html,9799旭情報サービス 2026,920.0,1.15,11.5,3.7,監視銘柄,,1000株 カタログギフト3000円相当,配当性向40%以上,927.0,11.254097,1.1649855,3.64,現在の株価は若干割安の位置。 下は850円あたりが堅そう。 上は1000円から重くなりそうで、今期中は1200円までか。,12.665074543110311,11.7712803653425,-11.140696711318377,36.139630390143736,8.518606902374234,16.77601713352122
9824,泉州電業,2026-07-02,https://boutetsuya.livedoor.blog/archives/30360994.html,9824泉州電業 2025,6930.0,1.92,13.9,2.31,監視銘柄,,100株 クオカード1000円 or 2000円（１年）,配当性向35%以上,6730.0,15.406098,1.8620563,2.39,現在は割高圏内。7500円超えは少し厳しいか。 調整となれば6000円が最初の節目。 割れれば5000円までの下落はあり。,12.779289370614807,11.548893748917719,20.555201100816923,95.68788501026694,7.572018745125314,16.688031860326895
9831,ヤマダホールディングス,2025-06-16,https://boutetsuya.livedoor.blog/archives/27904760.html,9831ヤマダホールディングス 2025,440.0,0.47,11.1,3.86,優待目的,,100株 自社優待券1500円,配当性向30%,689.7,31.62311,0.72064674,2.53,400円～500円のレンジが徐々に狭くなってきており、 増配や増益をきっかけにそろそろ上抜けるか？ 下は420円あたりは堅そう。,24.641136527653945,22.039954618922636,28.33462435675569,97.3305954825462,17.721459018355393,35.066484184392785
9832,オートバックスセブン,2025-06-16,https://boutetsuya.livedoor.blog/archives/27909365.html,9832オートバックスセブン 2025,1438.0,0.86,13.8,4.17,分散枠,,100株 自社優待券2000円（１年）,安定配当,1530.0,14.375646,0.8859504,3.93,優待改悪後は1700円が超えられず天井。 下は1400円が厚い壁。 業績横ばいであれば1400～1600円のレンジ内で推移しそう。,14.57718224886471,13.809503824511207,-1.3825459915643656,72.48459958932239,12.443050324582089,16.385499349006203
9842,アークランズ,2025-06-17,https://boutetsuya.livedoor.blog/archives/27917874.html,9842アークランズ 2025,1705.0,0.88,9.2,2.35,分散枠,,100株 自社優待券1100円（年２回）,安定配当,1899.0,14.684503,0.93424976,2.09,1500～2000円でのレンジで推移。 今期も2000円上限ぽいが、中計は大きく増益予想であり 実現しそうであれば一気に上抜けそう。,14.349615770297177,13.563272963108183,2.333771405893792,89.3223819301848,11.643836597095845,15.650413101181762
9857,英和,2026-07-04,https://boutetsuya.livedoor.blog/archives/30370211.html,9857英和 2026,2405.0,0.8,8.2,3.99,分散枠,,100株 クオカード500円 or 1000円（３年）,公表なし,2611.0,7.9805603,0.8582097,3.65,利回り高いが来期予想減益なら現在の株価は妥当な位置。 2400円で止まっているが、下に抜ければ2000円まで。 上は前回高値越えは難しそうで、3000円が天井ライン。,7.517780299289764,6.962959824055415,6.155806398784458,90.75975359342917,5.440002087377569,8.330726760989132
9869,加藤産業,2026-07-05,https://boutetsuya.livedoor.blog/archives/30379829.html,9869加藤産業 2025,6000.0,1.03,12.7,2.67,監視銘柄,,100株 自社商品3000円相当,配当性向40% 累進配当,6470.0,13.335531,1.131604,2.42,今の株価は妥当な位置。 下は5500円が一旦の節目、掘れば5000円まで 上は7000円超えは少し厳しい。本決算次第。,12.680035848926519,11.087279503066364,5.169505503637639,88.29568788501027,7.928942938586482,14.324874876352395
9882,イエローハット,2026-07-06,https://boutetsuya.livedoor.blog/archives/30386324.html,9882イエローハット 2026,1780.0,1.23,12.4,3.82,分散枠,,100株 自社優待券6000円分、ウォッシャー液引換券,配当性向45%（28年３月まで）,1749.0,12.735745,1.1946231,3.9,PERは過去最高水準も、優待拡充や利回りを考慮すれば 現在の株価は妥当な位置といえる。 下は1500円が鉄壁ラインで、上は2000円超えもあり。,11.882216786668712,10.691186243848119,7.1832405405101385,94.45585215605749,7.966447692360547,13.69693330188679
9896,ＪＫホールディングス,2025-06-21,https://boutetsuya.livedoor.blog/archives/27943509.html,9896ＪＫホールディングス 2025,1182.0,0.51,6.4,4.65,監視銘柄,,なし,28年３月までにDOE3% 配当性向30%以上 累進配当,1397.0,9.385287,0.5629081,4.29,ウッドショックから株価は停滞。 配当方針変更で株価は一段上へ。 利回り5%ラインの1100円が底で、上は1400円まで,9.099605406180423,7.937755598142834,3.139494308462454,76.79671457905543,5.845281227269013,10.302533231476856
9906,藤井産業,2026-07-07,https://boutetsuya.livedoor.blog/archives/30392449.html,9906藤井産業 2026,4030.0,0.82,9.0,3.97,監視銘柄,,なし,安定配当,4160.0,7.248144,0.84441817,4.8,期初予想が毎回弱く予想が難しいが、 現行の数字でいえば割高圏内。が、配当は下支え。 下は3500円くらいまで。上は前回高値の5000円が天井。,6.71132001121792,5.460051449686612,7.9987839632856605,89.5277207392197,3.693473033248197,8.493918749999999
9908,Ｄｅｎｋｅｉ,2026-07-08,https://boutetsuya.livedoor.blog/archives/30404587.html,9908Ｄｅｎｋｅｉ 2026,2650.0,0.92,8.6,4.11,分散枠,,なし,配当性向35%目標,2704.0,8.422364,0.92105466,4.12,現在の株価は妥当な位置といったところ。 下は2300円まで、上は節目となる3000円。 上方修正あればさらに上もありそう。,7.2103519172852995,6.383066327474982,16.809333256108584,99.38398357289527,4.824633885113055,8.515807387573965
9956,バローホールディングス,2026-07-09,https://boutetsuya.livedoor.blog/archives/30412152.html,9956バローホールディングス 2026,3240.0,0.92,10.3,2.47,監視銘柄,,200株 自社ギフトカード1500円（１年）,配当性向30%目途 DOE2%下限 累進配当,3170.0,10.134272,0.881936,1.27,安すぎた株価がやっと噴き上げ、現在は若干調整中。 3000円以下は堅くなりそうで、上は4000円が重い節目。,10.574457414523645,8.865989942525841,-4.162723412352731,66.32443531827515,6.323503046224369,12.579924391167193
9960,東テク,2026-07-11,https://boutetsuya.livedoor.blog/archives/30420665.html,9960東テク 2026,4295.0,2.39,12.9,2.98,監視銘柄,,なし,DOE6% 累進配当,3760.0,11.784617,2.0651364,4.64,現在の株価は妥当～若干割高の位置。 下は3700円から堅く、最悪3300円まで。 上は5000円の節目を超えるには上方修正がほしいところ。,11.482947107501525,9.588977546508307,2.627112096522688,75.564681724846,6.170789570923794,13.980889353626917
9989,サンドラッグ,2026-07-12,https://boutetsuya.livedoor.blog/archives/30425714.html,9989サンドラッグ 2026,3903.0,1.6,14.2,3.38,分散枠,,100株 自社製品2000円相当,配当性向50% 累進配当,3759.0,14.010437,1.5375427,3.55,現在は若干割安圏内。 3500円は信頼度のある壁で、ここより下は無さそう。 上は4500円が節目となっており、抜ければ4900円が天井ライン。,15.099289435032647,15.085488486389034,-7.211282621726189,14.37371663244353,12.234789287302142,17.571599965878505
